Workbook

Sheet Pelitulokset
AH1: Pelaaja nro. --> | AI1: 1 | AJ1: 2 | AK1: 3 | AL1: 4 | AM1: 5 | AN1: 6 | AO1: 7 | AP1: 8 | AQ1: 9 | AR1: 10 | AS1: 11 | AT1: 12 | AU1: 13 | AV1: 14 | AW1: 15 | AX1: 16 | AY1: 17 | AZ1: 18 | BA1: 19 | BB1: 20 | BC1: 21 | BD1: 22 | BE1: 23 | BF1: 24 | BG1: 25 | BH1: 26 | BI1: 27 | BJ1: 28 | BK1: 29 | BL1: 30 | BM1: 31 | BN1: 32 | BO1: 33 | BP1: 34 | BQ1: 35 | BR1: 36 | BS1: 37 | BT1: 38 | BU1: 39 | BV1: 40 | BW1: 41 | BX1: 42 | BY1: 43 | BZ1: 44 | CA1: 45 | CB1: 46 | CC1: 47 | CD1: 48 | CE1: 49 | CF1: 50 | CG1: 51 | CH1: 52 | CI1: 53 | CJ1: 54 | CK1: 55 | CL1: 56 | CM1: 57 | CN1: 58 | CO1: 59 | CP1: 60 | CQ1: 61 | CR1: 62 | CS1: 63 | CT1: 64 | CU1: 65 | CV1: 66 | CW1: 67 | CX1: 68 | CY1: 69 | CZ1: 70 | DA1: 71 | DB1: 72 | DC1: 73 | DD1: 74 | DE1: 75 | DF1: 76 | DG1: 77 | DH1: 78 | DI1: 79 | DJ1: 80 | DK1: 81 | DL1: 82 | DM1: 83 | DN1: 84 | DO1: 85 | DP1: 86 | DQ1: 87 | DR1: 88 | DS1: 89 | DT1: 90 | DU1: 91 | DV1: 92 | DW1: 93 | DX1: 94 | DY1: 95 | DZ1: 96 | EA1: 97 | EB1: 98 | EC1: 99 | ED1: 100 | EE1: Koko kerho ka.
B2: Pelitulosten kirjaukset | H2: Apulaskenta | N2: Laskenta | AI2: Pelaajien juokseva rating
B3: Pelaaja 1 | C3: Pelaaja 2 (heikompi) | D3: Tasoituskivet (heikommalle) | E3: Voittaja (nimi) | F3: päivämäärä | H3: Täyttäminen aloitettu? | I3: Pelaaja 1 olemassa? | J3: Pelaaja 2 olemassa? | K3: Pelaajat eri pelaajia? | L3: Voittaja ilmoitettu oikein? | M3: Kaikki täytetty? | N3: Tiedot syötetty oikein? | O3: Pelaaja 1 rating | P3: Pelaaja 2 rating | Q3: Rating ero (tasoitus huomioiden) | R3: Pelaaja 2 tasoitettu rating | S3: Pelaaja 1 Sa (Tulos) | T3: Pelaaja 1 Beta | U3: Pelaaja 2 Beta | V3: Pelaaja 1 Se (voittotodennäköisyys) | W3: Pelaaja 1 con | X3: Pelaaja 1 bonus | Y3: Pelaaja 1 rating muutos | Z3: Pelaaja 2 Sa (Tulos) | AA3: Pelaaja 2 Se (voittotodennäköisyys) | AB3: Pelaaja 2 con | AC3: Pelaaja 2 bonus | AD3: Pelaaja 2 rating muutos | AE3: Pelaaja 1 pistemuutos (vanha, yksinkertainen) | AF3: Pelaaja 2 pistemuutos (vanha, yksinkertainen) | AI3: {=index('Osallistujat ja seuranta'!$C:$C,AI1+row('Osallistujat ja seuranta'!$B$4),0)} -> Jussa | AJ3: {=index('Osallistujat ja seuranta'!$C:$C,AJ1+row('Osallistujat ja seuranta'!$B$4),0)} -> Peitsa | AK3: {=index('Osallistujat ja seuranta'!$C:$C,AK1+row('Osallistujat ja seuranta'!$B$4),0)} -> Olli | AL3: {=index('Osallistujat ja seuranta'!$C:$C,AL1+row('Osallistujat ja seuranta'!$B$4),0)} -> Lauri | AM3: {=index('Osallistujat ja seuranta'!$C:$C,AM1+row('Osallistujat ja seuranta'!$B$4),0)} -> Tim | AN3: {=index('Osallistujat ja seuranta'!$C:$C,AN1+row('Osallistujat ja seuranta'!$B$4),0)} -> Timo | AO3: {=index('Osallistujat ja seuranta'!$C:$C,AO1+row('Osallistujat ja seuranta'!$B$4),0)} -> Heikki | AP3: {=index('Osallistujat ja seuranta'!$C:$C,AP1+row('Osallistujat ja seuranta'!$B$4),0)} -> Aleksi | ... ED3: {=index('Osallistujat ja seuranta'!$C:$C,ED1+row('Osallistujat ja seuranta'!$B$4),0)}
AH4: Aloitus! | AI4: {=index('Osallistujat ja seuranta'!$E:$E,match(AI3,'Osallistujat ja seuranta'!$C:$C,0),0)} -> 1947.9562 | AJ4: {=index('Osallistujat ja seuranta'!$E:$E,match(AJ3,'Osallistujat ja seuranta'!$C:$C,0),0)} -> 1738.483 | AK4: {=index('Osallistujat ja seuranta'!$E:$E,match(AK3,'Osallistujat ja seuranta'!$C:$C,0),0)} -> 2442.0979 | AL4: {=index('Osallistujat ja seuranta'!$E:$E,match(AL3,'Osallistujat ja seuranta'!$C:$C,0),0)} -> 1676.0117 | AM4: {=index('Osallistujat ja seuranta'!$E:$E,match(AM3,'Osallistujat ja seuranta'!$C:$C,0),0)} -> 1804.0721 | AN4: {=index('Osallistujat ja seuranta'!$E:$E,match(AN3,'Osallistujat ja seuranta'!$C:$C,0),0)} -> 2324.4055 | AO4: {=index('Osallistujat ja seuranta'!$E:$E,match(AO3,'Osallistujat ja seuranta'!$C:$C,0),0)} -> 2286.3278 | AP4: {=index('Osallistujat ja seuranta'!$E:$E,match(AP3,'Osallistujat ja seuranta'!$C:$C,0),0)} -> 1646.0151 | ... ED4: {=index('Osallistujat ja seuranta'!$E:$E,match(ED3,'Osallistujat ja seuranta'!$C:$C,0),0)} -> #N/A | EE4: =sum(iferror(AI4:BH4,0))/count(AI4:BH4) -> 1647.7966
B5: Olli | C5: Peitsa | D5: 5 | E5: Olli | F5: 46106 | H5: =if(countblank(B5:E5)<4,TRUE,FALSE) -> TRUE | I5: =if(iferror(match(B5,'Osallistujat ja seuranta'!C:C,0),0)>0,TRUE,FALSE) -> TRUE | J5: =if(iferror(match(C5,'Osallistujat ja seuranta'!C:C,0),0)>0,TRUE,FALSE) -> TRUE | K5: =not(B5=C5) -> TRUE | L5: =or(E5=B5,E5=C5) -> TRUE | M5: =countblank(B5:E5)=0 -> TRUE | N5: =if(and(I5:M5),1,if(H5,0,"")) -> 1 | O5: =if(N5=1,index(4:4,1,match(B5,$3:$3,0)),"") -> 2442.0979 | P5: =if(N5=1,index(4:4,1,match(C5,$3:$3,0)),"") -> 1738.483 | Q5: =if(N5=1,O5-(P5+D5*100-if(D5>0,50,0))*N5,"") -> 253.61496 | R5: =if(N5=1,P5+D5*100-if(D5>0,50,0),"") -> 2188.483 | S5: =if(E5=B5,1,0) -> 1 | T5: =-7*ln(3300-O5) -> -47.28143 | U5: =-7*ln(3300-R5) -> -49.094367 | V5: =if(N5=1,1/(1+exp(U5-T5)),"") -> 0.85971655 | W5: =power((3300-O5)/200,1.6) -> 10.276669 | X5: =ln(1+exp((2300-O5)/80))/5 -> 0.031276972 | Y5: =if(N5=1,(W5*(S5-V5))*'Säännöt ja ohjeet'!$B$54+X5,"") -> 2.9145702 | Z5: =-(S5-1) -> 0 | AA5: =1-V5 -> 0.14028345 | AB5: =power((3300-P5)/200,1.6) -> 26.793335 | AC5: =ln(1+exp((2300-P5)/80))/5 -> 1.4039715 | AD5: =if(N5=1,(AB5*(Z5-AA5))*'Säännöt ja ohjeet'!$B$54+AC5,"") -> -6.1133516 | AE5: =10*if($E5=B5,1,-1)+min(10,rounddown((P5-O5)/50,0)-2*$D5*sign(P5-O5))+1 -> 7 | AF5: =10*if($E5=C5,1,-1)+min(10,rounddown((O5-P5)/50,0)-2*$D5*sign(O5-P5))+1 -> -5 | AI5: =if($B5=AI$3,AI4+$Y5,if($C5=AI$3,AI4+$AD5,AI4)) -> 1947.9562 | AJ5: =if($B5=AJ$3,AJ4+$Y5,if($C5=AJ$3,AJ4+$AD5,AJ4)) -> 1732.3696 | AK5: =if($B5=AK$3,AK4+$Y5,if($C5=AK$3,AK4+$AD5,AK4)) -> 2445.0125 | AL5: =if($B5=AL$3,AL4+$Y5,if($C5=AL$3,AL4+$AD5,AL4)) -> 1676.0117 | AM5: =if($B5=AM$3,AM4+$Y5,if($C5=AM$3,AM4+$AD5,AM4)) -> 1804.0721 | AN5: =if($B5=AN$3,AN4+$Y5,if($C5=AN$3,AN4+$AD5,AN4)) -> 2324.4055 | AO5: =if($B5=AO$3,AO4+$Y5,if($C5=AO$3,AO4+$AD5,AO4)) -> 2286.3278 | AP5: =if($B5=AP$3,AP4+$Y5,if($C5=AP$3,AP4+$AD5,AP4)) -> 1646.0151 | ... ED5: =if($B5=ED$3,ED4+$Y5,if($C5=ED$3,ED4+$AD5,ED4)) -> #N/A | EE5: =sum(iferror(AI5:BH5,0))/count(AI5:BH5) -> 1647.6443
A6: uses the af | B6: Janne L | C6: Ilia | D6: 0 | E6: Ilia | F6: 46106 | H6: =if(countblank(B6:E6)<4,TRUE,FALSE) -> TRUE | I6: =if(iferror(match(B6,'Osallistujat ja seuranta'!C:C,0),0)>0,TRUE,FALSE) -> TRUE | J6: =if(iferror(match(C6,'Osallistujat ja seuranta'!C:C,0),0)>0,TRUE,FALSE) -> TRUE | K6: =not(B6=C6) -> TRUE | L6: =or(E6=B6,E6=C6) -> TRUE | M6: =countblank(B6:E6)=0 -> TRUE | N6: =if(and(I6:M6),1,if(H6,0,"")) -> 1 | O6: =if(N6=1,index(5:5,1,match(B6,$3:$3,0)),"") -> 1091 | P6: =if(N6=1,index(5:5,1,match(C6,$3:$3,0)),"") -> 800 | Q6: =if(N6=1,O6-(P6+D6*100-if(D6>0,50,0))*N6,"") -> 291 | R6: =if(N6=1,P6+D6*100-if(D6>0,50,0),"") -> 800 | S6: =if(E6=B6,1,0) -> 0 | T6: =-7*ln(3300-O6) -> -53.902066 | U6: =-7*ln(3300-R6) -> -54.768322 | V6: =if(N6=1,1/(1+exp(U6-T6)),"") -> 0.70396598 | W6: =power((3300-O6)/200,1.6) -> 46.672939 | X6: =ln(1+exp((2300-O6)/80))/5 -> 3.0225001 | Y6: =if(N6=1,(W6*(S6-V6))*'Säännöt ja ohjeet'!$B$54+X6,"") -> -62.689823 | Z6: =-(S6-1) -> 1 | AA6: =1-V6 -> 0.29603402 | AB6: =power((3300-P6)/200,1.6) -> 56.892631 | AC6: =ln(1+exp((2300-P6)/80))/5 -> 3.75 | AD6: =if(N6=1,(AB6*(Z6-AA6))*'Säännöt ja ohjeet'!$B$54+AC6,"") -> 83.850954 | AE6: =10*if($E6=B6,1,-1)+min(10,rounddown((P6-O6)/50,0)-2*$D6*sign(P6-O6))+1 -> -14 | AF6: =10*if($E6=C6,1,-1)+min(10,rounddown((O6-P6)/50,0)-2*$D6*sign(O6-P6))+1 -> 16 | AI6: =if($B6=AI$3,AI5+$Y6,if($C6=AI$3,AI5+$AD6,AI5)) -> 1947.9562 | AJ6: =if($B6=AJ$3,AJ5+$Y6,if($C6=AJ$3,AJ5+$AD6,AJ5)) -> 1732.3696 | AK6: =if($B6=AK$3,AK5+$Y6,if($C6=AK$3,AK5+$AD6,AK5)) -> 2445.0125 | AL6: =if($B6=AL$3,AL5+$Y6,if($C6=AL$3,AL5+$AD6,AL5)) -> 1676.0117 | AM6: =if($B6=AM$3,AM5+$Y6,if($C6=AM$3,AM5+$AD6,AM5)) -> 1804.0721 | AN6: =if($B6=AN$3,AN5+$Y6,if($C6=AN$3,AN5+$AD6,AN5)) -> 2324.4055 | AO6: =if($B6=AO$3,AO5+$Y6,if($C6=AO$3,AO5+$AD6,AO5)) -> 2286.3278 | AP6: =if($B6=AP$3,AP5+$Y6,if($C6=AP$3,AP5+$AD6,AP5)) -> 1646.0151 | ... ED6: =if($B6=ED$3,ED5+$Y6,if($C6=ED$3,ED5+$AD6,ED5)) -> #N/A | EE6: =sum(iferror(AI6:BH6,0))/count(AI6:BH6) -> 1648.652
B7: Olli | C7: Jussa | D7: 4 | E7: Olli | F7: 46108 | H7: =if(countblank(B7:E7)<4,TRUE,FALSE) -> TRUE | I7: =if(iferror(match(B7,'Osallistujat ja seuranta'!C:C,0),0)>0,TRUE,FALSE) -> TRUE | J7: =if(iferror(match(C7,'Osallistujat ja seuranta'!C:C,0),0)>0,TRUE,FALSE) -> TRUE | K7: =not(B7=C7) -> TRUE | L7: =or(E7=B7,E7=C7) -> TRUE | M7: =countblank(B7:E7)=0 -> TRUE | N7: =if(and(I7:M7),1,if(H7,0,"")) -> 1 | O7: =if(N7=1,index(6:6,1,match(B7,$3:$3,0)),"") -> 2445.0125 | P7: =if(N7=1,index(6:6,1,match(C7,$3:$3,0)),"") -> 1947.9562 | Q7: =if(N7=1,O7-(P7+D7*100-if(D7>0,50,0))*N7,"") -> 147.05634 | R7: =if(N7=1,P7+D7*100-if(D7>0,50,0),"") -> 2297.9562 | S7: =if(E7=B7,1,0) -> 1 | T7: =-7*ln(3300-O7) -> -47.257608 | U7: =-7*ln(3300-R7) -> -48.368579 | V7: =if(N7=1,1/(1+exp(U7-T7)),"") -> 0.75231014 | W7: =power((3300-O7)/200,1.6) -> 10.220865 | X7: =ln(1+exp((2300-O7)/80))/5 -> 0.030238409 | Y7: =if(N7=1,(W7*(S7-V7))*'Säännöt ja ohjeet'!$B$54+X7,"") -> 5.0934475 | Z7: =-(S7-1) -> 0 | AA7: =1-V7 -> 0.24768986 | AB7: =power((3300-P7)/200,1.6) -> 21.278316 | AC7: =ln(1+exp((2300-P7)/80))/5 -> 0.8825488 | AD7: =if(N7=1,(AB7*(Z7-AA7))*'Säännöt ja ohjeet'!$B$54+AC7,"") -> -9.6582974 | AE7: =10*if($E7=B7,1,-1)+min(10,rounddown((P7-O7)/50,0)-2*$D7*sign(P7-O7))+1 -> 10 | AF7: =10*if($E7=C7,1,-1)+min(10,rounddown((O7-P7)/50,0)-2*$D7*sign(O7-P7))+1 -> -8 | AI7: =if($B7=AI$3,AI6+$Y7,if($C7=AI$3,AI6+$AD7,AI6)) -> 1938.2979 | AJ7: =if($B7=AJ$3,AJ6+$Y7,if($C7=AJ$3,AJ6+$AD7,AJ6)) -> 1732.3696 | AK7: =if($B7=AK$3,AK6+$Y7,if($C7=AK$3,AK6+$AD7,AK6)) -> 2450.1059 | AL7: =if($B7=AL$3,AL6+$Y7,if($C7=AL$3,AL6+$AD7,AL6)) -> 1676.0117 | AM7: =if($B7=AM$3,AM6+$Y7,if($C7=AM$3,AM6+$AD7,AM6)) -> 1804.0721 | AN7: =if($B7=AN$3,AN6+$Y7,if($C7=AN$3,AN6+$AD7,AN6)) -> 2324.4055 | AO7: =if($B7=AO$3,AO6+$Y7,if($C7=AO$3,AO6+$AD7,AO6)) -> 2286.3278 | AP7: =if($B7=AP$3,AP6+$Y7,if($C7=AP$3,AP6+$AD7,AP6)) -> 1646.0151 | ... ED7: =if($B7=ED$3,ED6+$Y7,if($C7=ED$3,ED6+$AD7,ED6)) -> #N/A | EE7: =sum(iferror(AI7:BH7,0))/count(AI7:BH7) -> 1648.4346
B8: Olli | C8: Janne L | D8: 9 | E8: Olli | F8: 46108 | H8: =if(countblank(B8:E8)<4,TRUE,FALSE) -> TRUE | I8: =if(iferror(match(B8,'Osallistujat ja seuranta'!C:C,0),0)>0,TRUE,FALSE) -> TRUE | J8: =if(iferror(match(C8,'Osallistujat ja seuranta'!C:C,0),0)>0,TRUE,FALSE) -> TRUE | K8: =not(B8=C8) -> TRUE | L8: =or(E8=B8,E8=C8) -> TRUE | M8: =countblank(B8:E8)=0 -> TRUE | N8: =if(and(I8:M8),1,if(H8,0,"")) -> 1 | O8: =if(N8=1,index(7:7,1,match(B8,$3:$3,0)),"") -> 2450.1059 | P8: =if(N8=1,index(7:7,1,match(C8,$3:$3,0)),"") -> 1028.3102 | Q8: =if(N8=1,O8-(P8+D8*100-if(D8>0,50,0))*N8,"") -> 571.79576 | R8: =if(N8=1,P8+D8*100-if(D8>0,50,0),"") -> 1878.3102 | S8: =if(E8=B8,1,0) -> 1 | T8: =-7*ln(3300-O8) -> -47.215782 | U8: =-7*ln(3300-R8) -> -50.81721 | V8: =if(N8=1,1/(1+exp(U8-T8)),"") -> 0.97343996 | W8: =power((3300-O8)/200,1.6) -> 10.123616 | X8: =ln(1+exp((2300-O8)/80))/5 -> 0.028499817 | Y8: =if(N8=1,(W8*(S8-V8))*'Säännöt ja ohjeet'!$B$54+X8,"") -> 0.56626716 | Z8: =-(S8-1) -> 0 | AA8: =1-V8 -> 0.026560041 | AB8: =power((3300-P8)/200,1.6) -> 48.810186 | AC8: =ln(1+exp((2300-P8)/80))/5 -> 3.1792246 | AD8: =if(N8=1,(AB8*(Z8-AA8))*'Säännöt ja ohjeet'!$B$54+AC8,"") -> 0.58642347 | AE8: =10*if($E8=B8,1,-1)+min(10,rounddown((P8-O8)/50,0)-2*$D8*sign(P8-O8))+1 -> 1 | AF8: =10*if($E8=C8,1,-1)+min(10,rounddown((O8-P8)/50,0)-2*$D8*sign(O8-P8))+1 -> 1 | AI8: =if($B8=AI$3,AI7+$Y8,if($C8=AI$3,AI7+$AD8,AI7)) -> 1938.2979 | AJ8: =if($B8=AJ$3,AJ7+$Y8,if($C8=AJ$3,AJ7+$AD8,AJ7)) -> 1732.3696 | AK8: =if($B8=AK$3,AK7+$Y8,if($C8=AK$3,AK7+$AD8,AK7)) -> 2450.6722 | AL8: =if($B8=AL$3,AL7+$Y8,if($C8=AL$3,AL7+$AD8,AL7)) -> 1676.0117 | AM8: =if($B8=AM$3,AM7+$Y8,if($C8=AM$3,AM7+$AD8,AM7)) -> 1804.0721 | AN8: =if($B8=AN$3,AN7+$Y8,if($C8=AN$3,AN7+$AD8,AN7)) -> 2324.4055 | AO8: =if($B8=AO$3,AO7+$Y8,if($C8=AO$3,AO7+$AD8,AO7)) -> 2286.3278 | AP8: =if($B8=AP$3,AP7+$Y8,if($C8=AP$3,AP7+$AD8,AP7)) -> 1646.0151 | ... ED8: =if($B8=ED$3,ED7+$Y8,if($C8=ED$3,ED7+$AD8,ED7)) -> #N/A | EE8: =sum(iferror(AI8:BH8,0))/count(AI8:BH8) -> 1648.4895
B9: Jussa | C9: Janne L | D9: 5 | E9: Jussa | F9: 46109 | H9: =if(countblank(B9:E9)<4,TRUE,FALSE) -> TRUE | I9: =if(iferror(match(B9,'Osallistujat ja seuranta'!C:C,0),0)>0,TRUE,FALSE) -> TRUE | J9: =if(iferror(match(C9,'Osallistujat ja seuranta'!C:C,0),0)>0,TRUE,FALSE) -> TRUE | K9: =not(B9=C9) -> TRUE | L9: =or(E9=B9,E9=C9) -> TRUE | M9: =countblank(B9:E9)=0 -> TRUE | N9: =if(and(I9:M9),1,if(H9,0,"")) -> 1 | O9: =if(N9=1,index(8:8,1,match(B9,$3:$3,0)),"") -> 1938.2979 | P9: =if(N9=1,index(8:8,1,match(C9,$3:$3,0)),"") -> 1028.8966 | Q9: =if(N9=1,O9-(P9+D9*100-if(D9>0,50,0))*N9,"") -> 459.40126 | R9: =if(N9=1,P9+D9*100-if(D9>0,50,0),"") -> 1478.8966 | S9: =if(E9=B9,1,0) -> 1 | T9: =-7*ln(3300-O9) -> -50.515435 | U9: =-7*ln(3300-R9) -> -52.550385 | V9: =if(N9=1,1/(1+exp(U9-T9)),"") -> 0.88441801 | W9: =power((3300-O9)/200,1.6) -> 21.522038 | X9: =ln(1+exp((2300-O9)/80))/5 -> 0.90641864 | Y9: =if(N9=1,(W9*(S9-V9))*'Säännöt ja ohjeet'!$B$54+X9,"") -> 5.8815388 | Z9: =-(S9-1) -> 0 | AA9: =1-V9 -> 0.11558199 | AB9: =power((3300-P9)/200,1.6) -> 48.790027 | AC9: =ln(1+exp((2300-P9)/80))/5 -> 3.1777585 | AD9: =if(N9=1,(AB9*(Z9-AA9))*'Säännöt ja ohjeet'!$B$54+AC9,"") -> -8.1007387 | AE9: =10*if($E9=B9,1,-1)+min(10,rounddown((P9-O9)/50,0)-2*$D9*sign(P9-O9))+1 -> 3 | AF9: =10*if($E9=C9,1,-1)+min(10,rounddown((O9-P9)/50,0)-2*$D9*sign(O9-P9))+1 -> -1 | AI9: =if($B9=AI$3,AI8+$Y9,if($C9=AI$3,AI8+$AD9,AI8)) -> 1944.1794 | AJ9: =if($B9=AJ$3,AJ8+$Y9,if($C9=AJ$3,AJ8+$AD9,AJ8)) -> 1732.3696 | AK9: =if($B9=AK$3,AK8+$Y9,if($C9=AK$3,AK8+$AD9,AK8)) -> 2450.6722 | AL9: =if($B9=AL$3,AL8+$Y9,if($C9=AL$3,AL8+$AD9,AL8)) -> 1676.0117 | AM9: =if($B9=AM$3,AM8+$Y9,if($C9=AM$3,AM8+$AD9,AM8)) -> 1804.0721 | AN9: =if($B9=AN$3,AN8+$Y9,if($C9=AN$3,AN8+$AD9,AN8)) -> 2324.4055 | AO9: =if($B9=AO$3,AO8+$Y9,if($C9=AO$3,AO8+$AD9,AO8)) -> 2286.3278 | AP9: =if($B9=AP$3,AP8+$Y9,if($C9=AP$3,AP8+$AD9,AP8)) -> 1646.0151 | ... ED9: =if($B9=ED$3,ED8+$Y9,if($C9=ED$3,ED8+$AD9,ED8)) -> #N/A | EE9: =sum(iferror(AI9:BH9,0))/count(AI9:BH9) -> 1648.3838
B10: Olli | C10: Janne L | D10: 9 | E10: Olli | F10: 46109 | H10: =if(countblank(B10:E10)<4,TRUE,FALSE) -> TRUE | I10: =if(iferror(match(B10,'Osallistujat ja seuranta'!C:C,0),0)>0,TRUE,FALSE) -> TRUE | J10: =if(iferror(match(C10,'Osallistujat ja seuranta'!C:C,0),0)>0,TRUE,FALSE) -> TRUE | K10: =not(B10=C10) -> TRUE | L10: =or(E10=B10,E10=C10) -> TRUE | M10: =countblank(B10:E10)=0 -> TRUE | N10: =if(and(I10:M10),1,if(H10,0,"")) -> 1 | O10: =if(N10=1,index(9:9,1,match(B10,$3:$3,0)),"") -> 2450.6722 | P10: =if(N10=1,index(9:9,1,match(C10,$3:$3,0)),"") -> 1020.7959 | Q10: =if(N10=1,O10-(P10+D10*100-if(D10>0,50,0))*N10,"") -> 579.87634 | R10: =if(N10=1,P10+D10*100-if(D10>0,50,0),"") -> 1870.7959 | S10: =if(E10=B10,1,0) -> 1 | T10: =-7*ln(3300-O10) -> -47.211116 | U10: =-7*ln(3300-R10) -> -50.854111 | V10: =if(N10=1,1/(1+exp(U10-T10)),"") -> 0.97449375 | W10: =power((3300-O10)/200,1.6) -> 10.112826 | X10: =ln(1+exp((2300-O10)/80))/5 -> 0.028312375 | Y10: =if(N10=1,(W10*(S10-V10))*'Säännöt ja ohjeet'!$B$54+X10,"") -> 0.54419286 | Z10: =-(S10-1) -> 0 | AA10: =1-V10 -> 0.025506247 | AB10: =power((3300-P10)/200,1.6) -> 49.068769 | AC10: =ln(1+exp((2300-P10)/80))/5 -> 3.1980104 | AD10: =if(N10=1,(AB10*(Z10-AA10))*'Säännöt ja ohjeet'!$B$54+AC10,"") -> 0.69489007 | AE10: =10*if($E10=B10,1,-1)+min(10,rounddown((P10-O10)/50,0)-2*$D10*sign(P10-O10))+1 -> 1 | AF10: =10*if($E10=C10,1,-1)+min(10,rounddown((O10-P10)/50,0)-2*$D10*sign(O10-P10))+1 -> 1 | AI10: =if($B10=AI$3,AI9+$Y10,if($C10=AI$3,AI9+$AD10,AI9)) -> 1944.1794 | AJ10: =if($B10=AJ$3,AJ9+$Y10,if($C10=AJ$3,AJ9+$AD10,AJ9)) -> 1732.3696 | AK10: =if($B10=AK$3,AK9+$Y10,if($C10=AK$3,AK9+$AD10,AK9)) -> 2451.2164 | AL10: =if($B10=AL$3,AL9+$Y10,if($C10=AL$3,AL9+$AD10,AL9)) -> 1676.0117 | AM10: =if($B10=AM$3,AM9+$Y10,if($C10=AM$3,AM9+$AD10,AM9)) -> 1804.0721 | AN10: =if($B10=AN$3,AN9+$Y10,if($C10=AN$3,AN9+$AD10,AN9)) -> 2324.4055 | AO10: =if($B10=AO$3,AO9+$Y10,if($C10=AO$3,AO9+$AD10,AO9)) -> 2286.3278 | AP10: =if($B10=AP$3,AP9+$Y10,if($C10=AP$3,AP9+$AD10,AP9)) -> 1646.0151 | ... ED10: =if($B10=ED$3,ED9+$Y10,if($C10=ED$3,ED9+$AD10,ED9)) -> #N/A | EE10: =sum(iferror(AI10:BH10,0))/count(AI10:BH10) -> 1648.4428
B11: Jussa | C11: Janne L | D11: 5 | E11: Jussa | F11: 46110 | H11: =if(countblank(B11:E11)<4,TRUE,FALSE) -> TRUE | I11: =if(iferror(match(B11,'Osallistujat ja seuranta'!C:C,0),0)>0,TRUE,FALSE) -> TRUE | J11: =if(iferror(match(C11,'Osallistujat ja seuranta'!C:C,0),0)>0,TRUE,FALSE) -> TRUE | K11: =not(B11=C11) -> TRUE | L11: =or(E11=B11,E11=C11) -> TRUE | M11: =countblank(B11:E11)=0 -> TRUE | N11: =if(and(I11:M11),1,if(H11,0,"")) -> 1 | O11: =if(N11=1,index(10:10,1,match(B11,$3:$3,0)),"") -> 1944.1794 | P11: =if(N11=1,index(10:10,1,match(C11,$3:$3,0)),"") -> 1021.4908 | Q11: =if(N11=1,O11-(P11+D11*100-if(D11>0,50,0))*N11,"") -> 472.68865 | R11: =if(N11=1,P11+D11*100-if(D11>0,50,0),"") -> 1471.4908 | S11: =if(E11=B11,1,0) -> 1 | T11: =-7*ln(3300-O11) -> -50.485135 | U11: =-7*ln(3300-R11) -> -52.578794 | V11: =if(N11=1,1/(1+exp(U11-T11)),"") -> 0.89028533 | W11: =power((3300-O11)/200,1.6) -> 21.373496 | X11: =ln(1+exp((2300-O11)/80))/5 -> 0.89187887 | Y11: =if(N11=1,(W11*(S11-V11))*'Säännöt ja ohjeet'!$B$54+X11,"") -> 5.581851 | Z11: =-(S11-1) -> 0 | AA11: =1-V11 -> 0.10971467 | AB11: =power((3300-P11)/200,1.6) -> 49.044835 | AC11: =ln(1+exp((2300-P11)/80))/5 -> 3.1962731 | AD11: =if(N11=1,(AB11*(Z11-AA11))*'Säännöt ja ohjeet'!$B$54+AC11,"") -> -7.5656025 | AE11: =10*if($E11=B11,1,-1)+min(10,rounddown((P11-O11)/50,0)-2*$D11*sign(P11-O11))+1 -> 3 | AF11: =10*if($E11=C11,1,-1)+min(10,rounddown((O11-P11)/50,0)-2*$D11*sign(O11-P11))+1 -> -1 | AI11: =if($B11=AI$3,AI10+$Y11,if($C11=AI$3,AI10+$AD11,AI10)) -> 1949.7612 | AJ11: =if($B11=AJ$3,AJ10+$Y11,if($C11=AJ$3,AJ10+$AD11,AJ10)) -> 1732.3696 | AK11: =if($B11=AK$3,AK10+$Y11,if($C11=AK$3,AK10+$AD11,AK10)) -> 2451.2164 | AL11: =if($B11=AL$3,AL10+$Y11,if($C11=AL$3,AL10+$AD11,AL10)) -> 1676.0117 | AM11: =if($B11=AM$3,AM10+$Y11,if($C11=AM$3,AM10+$AD11,AM10)) -> 1804.0721 | AN11: =if($B11=AN$3,AN10+$Y11,if($C11=AN$3,AN10+$AD11,AN10)) -> 2324.4055 | AO11: =if($B11=AO$3,AO10+$Y11,if($C11=AO$3,AO10+$AD11,AO10)) -> 2286.3278 | AP11: =if($B11=AP$3,AP10+$Y11,if($C11=AP$3,AP10+$AD11,AP10)) -> 1646.0151 | ... ED11: =if($B11=ED$3,ED10+$Y11,if($C11=ED$3,ED10+$AD11,ED10)) -> #N/A | EE11: =sum(iferror(AI11:BH11,0))/count(AI11:BH11) -> 1648.3483
B12: Olli | C12: Janne L | D12: 9 | E12: Janne L | F12: 46110 | H12: =if(countblank(B12:E12)<4,TRUE,FALSE) -> TRUE | I12: =if(iferror(match(B12,'Osallistujat ja seuranta'!C:C,0),0)>0,TRUE,FALSE) -> TRUE | J12: =if(iferror(match(C12,'Osallistujat ja seuranta'!C:C,0),0)>0,TRUE,FALSE) -> TRUE | K12: =not(B12=C12) -> TRUE | L12: =or(E12=B12,E12=C12) -> TRUE | M12: =countblank(B12:E12)=0 -> TRUE | N12: =if(and(I12:M12),1,if(H12,0,"")) -> 1 | O12: =if(N12=1,index(11:11,1,match(B12,$3:$3,0)),"") -> 2451.2164 | P12: =if(N12=1,index(11:11,1,match(C12,$3:$3,0)),"") -> 1013.9251 | Q12: =if(N12=1,O12-(P12+D12*100-if(D12>0,50,0))*N12,"") -> 587.29125 | R12: =if(N12=1,P12+D12*100-if(D12>0,50,0),"") -> 1863.9251 | S12: =if(E12=B12,1,0) -> 0 | T12: =-7*ln(3300-O12) -> -47.20663 | U12: =-7*ln(3300-R12) -> -50.887682 | V12: =if(N12=1,1/(1+exp(U12-T12)),"") -> 0.97542281 | W12: =power((3300-O12)/200,1.6) -> 10.102461 | X12: =ln(1+exp((2300-O12)/80))/5 -> 0.028133323 | Y12: =if(N12=1,(W12*(S12-V12))*'Säännöt ja ohjeet'!$B$54+X12,"") -> -19.680208 | Z12: =-(S12-1) -> 1 | AA12: =1-V12 -> 0.02457719 | AB12: =power((3300-P12)/200,1.6) -> 49.305654 | AC12: =ln(1+exp((2300-P12)/80))/5 -> 3.2151871 | AD12: =if(N12=1,(AB12*(Z12-AA12))*'Säännöt ja ohjeet'!$B$54+AC12,"") -> 99.402906 | AE12: =10*if($E12=B12,1,-1)+min(10,rounddown((P12-O12)/50,0)-2*$D12*sign(P12-O12))+1 -> -19 | AF12: =10*if($E12=C12,1,-1)+min(10,rounddown((O12-P12)/50,0)-2*$D12*sign(O12-P12))+1 -> 21 | AI12: =if($B12=AI$3,AI11+$Y12,if($C12=AI$3,AI11+$AD12,AI11)) -> 1949.7612 | AJ12: =if($B12=AJ$3,AJ11+$Y12,if($C12=AJ$3,AJ11+$AD12,AJ11)) -> 1732.3696 | AK12: =if($B12=AK$3,AK11+$Y12,if($C12=AK$3,AK11+$AD12,AK11)) -> 2431.5362 | AL12: =if($B12=AL$3,AL11+$Y12,if($C12=AL$3,AL11+$AD12,AL11)) -> 1676.0117 | AM12: =if($B12=AM$3,AM11+$Y12,if($C12=AM$3,AM11+$AD12,AM11)) -> 1804.0721 | AN12: =if($B12=AN$3,AN11+$Y12,if($C12=AN$3,AN11+$AD12,AN11)) -> 2324.4055 | AO12: =if($B12=AO$3,AO11+$Y12,if($C12=AO$3,AO11+$AD12,AO11)) -> 2286.3278 | AP12: =if($B12=AP$3,AP11+$Y12,if($C12=AP$3,AP11+$AD12,AP11)) -> 1646.0151 | ... ED12: =if($B12=ED$3,ED11+$Y12,if($C12=ED$3,ED11+$AD12,ED11)) -> #N/A | EE12: =sum(iferror(AI12:BH12,0))/count(AI12:BH12) -> 1652.1447
B13: Olli | C13: Jussa | D13: 4 | E13: Olli | F13: 46110 | H13: =if(countblank(B13:E13)<4,TRUE,FALSE) -> TRUE | I13: =if(iferror(match(B13,'Osallistujat ja seuranta'!C:C,0),0)>0,TRUE,FALSE) -> TRUE | J13: =if(iferror(match(C13,'Osallistujat ja seuranta'!C:C,0),0)>0,TRUE,FALSE) -> TRUE | K13: =not(B13=C13) -> TRUE | L13: =or(E13=B13,E13=C13) -> TRUE | M13: =countblank(B13:E13)=0 -> TRUE | N13: =if(and(I13:M13),1,if(H13,0,"")) -> 1 | O13: =if(N13=1,index(12:12,1,match(B13,$3:$3,0)),"") -> 2431.5362 | P13: =if(N13=1,index(12:12,1,match(C13,$3:$3,0)),"") -> 1949.7612 | Q13: =if(N13=1,O13-(P13+D13*100-if(D13>0,50,0))*N13,"") -> 131.77494 | R13: =if(N13=1,P13+D13*100-if(D13>0,50,0),"") -> 2299.7612 | S13: =if(E13=B13,1,0) -> 1 | T13: =-7*ln(3300-O13) -> -47.367081 | U13: =-7*ln(3300-R13) -> -48.355958 | V13: =if(N13=1,1/(1+exp(U13-T13)),"") -> 0.72886598 | W13: =power((3300-O13)/200,1.6) -> 10.479843 | X13: =ln(1+exp((2300-O13)/80))/5 -> 0.035322152 | Y13: =if(N13=1,(W13*(S13-V13))*'Säännöt ja ohjeet'!$B$54+X13,"") -> 5.7182061 | Z13: =-(S13-1) -> 0 | AA13: =1-V13 -> 0.27113402 | AB13: =power((3300-P13)/200,1.6) -> 21.232881 | AC13: =ln(1+exp((2300-P13)/80))/5 -> 0.87809138 | AD13: =if(N13=1,(AB13*(Z13-AA13))*'Säännöt ja ohjeet'!$B$54+AC13,"") -> -10.635821 | AE13: =10*if($E13=B13,1,-1)+min(10,rounddown((P13-O13)/50,0)-2*$D13*sign(P13-O13))+1 -> 10 | AF13: =10*if($E13=C13,1,-1)+min(10,rounddown((O13-P13)/50,0)-2*$D13*sign(O13-P13))+1 -> -8 | AI13: =if($B13=AI$3,AI12+$Y13,if($C13=AI$3,AI12+$AD13,AI12)) -> 1939.1254 | AJ13: =if($B13=AJ$3,AJ12+$Y13,if($C13=AJ$3,AJ12+$AD13,AJ12)) -> 1732.3696 | AK13: =if($B13=AK$3,AK12+$Y13,if($C13=AK$3,AK12+$AD13,AK12)) -> 2437.2544 | AL13: =if($B13=AL$3,AL12+$Y13,if($C13=AL$3,AL12+$AD13,AL12)) -> 1676.0117 | AM13: =if($B13=AM$3,AM12+$Y13,if($C13=AM$3,AM12+$AD13,AM12)) -> 1804.0721 | AN13: =if($B13=AN$3,AN12+$Y13,if($C13=AN$3,AN12+$AD13,AN12)) -> 2324.4055 | AO13: =if($B13=AO$3,AO12+$Y13,if($C13=AO$3,AO12+$AD13,AO12)) -> 2286.3278 | AP13: =if($B13=AP$3,AP12+$Y13,if($C13=AP$3,AP12+$AD13,AP12)) -> 1646.0151 | ... ED13: =if($B13=ED$3,ED12+$Y13,if($C13=ED$3,ED12+$AD13,ED12)) -> #N/A | EE13: =sum(iferror(AI13:BH13,0))/count(AI13:BH13) -> 1651.9105
B14: Teemu | C14: Peitsa | D14: 4 | E14: Peitsa | F14: 46110 | H14: =if(countblank(B14:E14)<4,TRUE,FALSE) -> TRUE | I14: =if(iferror(match(B14,'Osallistujat ja seuranta'!C:C,0),0)>0,TRUE,FALSE) -> TRUE | J14: =if(iferror(match(C14,'Osallistujat ja seuranta'!C:C,0),0)>0,TRUE,FALSE) -> TRUE | K14: =not(B14=C14) -> TRUE | L14: =or(E14=B14,E14=C14) -> TRUE | M14: =countblank(B14:E14)=0 -> TRUE | N14: =if(and(I14:M14),1,if(H14,0,"")) -> 1 | O14: =if(N14=1,index(13:13,1,match(B14,$3:$3,0)),"") -> 2219 | P14: =if(N14=1,index(13:13,1,match(C14,$3:$3,0)),"") -> 1732.3696 | Q14: =if(N14=1,O14-(P14+D14*100-if(D14>0,50,0))*N14,"") -> 136.63039 | R14: =if(N14=1,P14+D14*100-if(D14>0,50,0),"") -> 2082.3696 | S14: =if(E14=B14,1,0) -> 0 | T14: =-7*ln(3300-O14) -> -48.899493 | U14: =-7*ln(3300-R14) -> -49.732634 | V14: =if(N14=1,1/(1+exp(U14-T14)),"") -> 0.69701865 | W14: =power((3300-O14)/200,1.6) -> 14.875553 | X14: =ln(1+exp((2300-O14)/80))/5 -> 0.26448305 | Y14: =if(N14=1,(W14*(S14-V14))*'Säännöt ja ohjeet'!$B$54+X14,"") -> -20.472593 | Z14: =-(S14-1) -> 1 | AA14: =1-V14 -> 0.30298135 | AB14: =power((3300-P14)/200,1.6) -> 26.961366 | AC14: =ln(1+exp((2300-P14)/80))/5 -> 1.4192417 | AD14: =if(N14=1,(AB14*(Z14-AA14))*'Säännöt ja ohjeet'!$B$54+AC14,"") -> 39.004391 | AE14: =10*if($E14=B14,1,-1)+min(10,rounddown((P14-O14)/50,0)-2*$D14*sign(P14-O14))+1 -> -10 | AF14: =10*if($E14=C14,1,-1)+min(10,rounddown((O14-P14)/50,0)-2*$D14*sign(O14-P14))+1 -> 12 | AI14: =if($B14=AI$3,AI13+$Y14,if($C14=AI$3,AI13+$AD14,AI13)) -> 1939.1254 | AJ14: =if($B14=AJ$3,AJ13+$Y14,if($C14=AJ$3,AJ13+$AD14,AJ13)) -> 1771.374 | AK14: =if($B14=AK$3,AK13+$Y14,if($C14=AK$3,AK13+$AD14,AK13)) -> 2437.2544 | AL14: =if($B14=AL$3,AL13+$Y14,if($C14=AL$3,AL13+$AD14,AL13)) -> 1676.0117 | AM14: =if($B14=AM$3,AM13+$Y14,if($C14=AM$3,AM13+$AD14,AM13)) -> 1804.0721 | AN14: =if($B14=AN$3,AN13+$Y14,if($C14=AN$3,AN13+$AD14,AN13)) -> 2324.4055 | AO14: =if($B14=AO$3,AO13+$Y14,if($C14=AO$3,AO13+$AD14,AO13)) -> 2286.3278 | AP14: =if($B14=AP$3,AP13+$Y14,if($C14=AP$3,AP13+$AD14,AP13)) -> 1646.0151 | ... ED14: =if($B14=ED$3,ED13+$Y14,if($C14=ED$3,ED13+$AD14,ED13)) -> #N/A | EE14: =sum(iferror(AI14:BH14,0))/count(AI14:BH14) -> 1652.793
B15: Teemu | C15: Tomi | D15: 1 | E15: Tomi | F15: 46110 | H15: =if(countblank(B15:E15)<4,TRUE,FALSE) -> TRUE | I15: =if(iferror(match(B15,'Osallistujat ja seuranta'!C:C,0),0)>0,TRUE,FALSE) -> TRUE | J15: =if(iferror(match(C15,'Osallistujat ja seuranta'!C:C,0),0)>0,TRUE,FALSE) -> TRUE | K15: =not(B15=C15) -> TRUE | L15: =or(E15=B15,E15=C15) -> TRUE | M15: =countblank(B15:E15)=0 -> TRUE | N15: =if(and(I15:M15),1,if(H15,0,"")) -> 1 | O15: =if(N15=1,index(14:14,1,match(B15,$3:$3,0)),"") -> 2198.5274 | P15: =if(N15=1,index(14:14,1,match(C15,$3:$3,0)),"") -> 2158 | Q15: =if(N15=1,O15-(P15+D15*100-if(D15>0,50,0))*N15,"") -> -9.4725925 | R15: =if(N15=1,P15+D15*100-if(D15>0,50,0),"") -> 2208 | S15: =if(E15=B15,1,0) -> 0 | T15: =-7*ln(3300-O15) -> -49.030823 | U15: =-7*ln(3300-R15) -> -48.970363 | V15: =if(N15=1,1/(1+exp(U15-T15)),"") -> 0.48488963 | W15: =power((3300-O15)/200,1.6) -> 15.328862 | X15: =ln(1+exp((2300-O15)/80))/5 -> 0.30325328 | Y15: =if(N15=1,(W15*(S15-V15))*'Säännöt ja ohjeet'!$B$54+X15,"") -> -14.562359 | Z15: =-(S15-1) -> 1 | AA15: =1-V15 -> 0.51511037 | AB15: =power((3300-P15)/200,1.6) -> 16.241187 | AC15: =ln(1+exp((2300-P15)/80))/5 -> 0.38631243 | AD15: =if(N15=1,(AB15*(Z15-AA15))*'Säännöt ja ohjeet'!$B$54+AC15,"") -> 16.136679 | AE15: =10*if($E15=B15,1,-1)+min(10,rounddown((P15-O15)/50,0)-2*$D15*sign(P15-O15))+1 -> -7 | AF15: =10*if($E15=C15,1,-1)+min(10,rounddown((O15-P15)/50,0)-2*$D15*sign(O15-P15))+1 -> 9 | AI15: =if($B15=AI$3,AI14+$Y15,if($C15=AI$3,AI14+$AD15,AI14)) -> 1939.1254 | AJ15: =if($B15=AJ$3,AJ14+$Y15,if($C15=AJ$3,AJ14+$AD15,AJ14)) -> 1771.374 | AK15: =if($B15=AK$3,AK14+$Y15,if($C15=AK$3,AK14+$AD15,AK14)) -> 2437.2544 | AL15: =if($B15=AL$3,AL14+$Y15,if($C15=AL$3,AL14+$AD15,AL14)) -> 1676.0117 | AM15: =if($B15=AM$3,AM14+$Y15,if($C15=AM$3,AM14+$AD15,AM14)) -> 1804.0721 | AN15: =if($B15=AN$3,AN14+$Y15,if($C15=AN$3,AN14+$AD15,AN14)) -> 2324.4055 | AO15: =if($B15=AO$3,AO14+$Y15,if($C15=AO$3,AO14+$AD15,AO14)) -> 2286.3278 | AP15: =if($B15=AP$3,AP14+$Y15,if($C15=AP$3,AP14+$AD15,AP14)) -> 1646.0151 | ... ED15: =if($B15=ED$3,ED14+$Y15,if($C15=ED$3,ED14+$AD15,ED14)) -> #N/A | EE15: =sum(iferror(AI15:BH15,0))/count(AI15:BH15) -> 1652.8679
B16: Tomi | C16: Peitsa | D16: 3 | E16: Peitsa | F16: 46110 | H16: =if(countblank(B16:E16)<4,TRUE,FALSE) -> TRUE | I16: =if(iferror(match(B16,'Osallistujat ja seuranta'!C:C,0),0)>0,TRUE,FALSE) -> TRUE | J16: =if(iferror(match(C16,'Osallistujat ja seuranta'!C:C,0),0)>0,TRUE,FALSE) -> TRUE | K16: =not(B16=C16) -> TRUE | L16: =or(E16=B16,E16=C16) -> TRUE | M16: =countblank(B16:E16)=0 -> TRUE | N16: =if(and(I16:M16),1,if(H16,0,"")) -> 1 | O16: =if(N16=1,index(15:15,1,match(B16,$3:$3,0)),"") -> 2174.1367 | P16: =if(N16=1,index(15:15,1,match(C16,$3:$3,0)),"") -> 1771.374 | Q16: =if(N16=1,O16-(P16+D16*100-if(D16>0,50,0))*N16,"") -> 152.76268 | R16: =if(N16=1,P16+D16*100-if(D16>0,50,0),"") -> 2021.374 | S16: =if(E16=B16,1,0) -> 0 | T16: =-7*ln(3300-O16) -> -49.184138 | U16: =-7*ln(3300-R16) -> -50.074789 | V16: =if(N16=1,1/(1+exp(U16-T16)),"") -> 0.7090246 | W16: =power((3300-O16)/200,1.6) -> 15.875561 | X16: =ln(1+exp((2300-O16)/80))/5 -> 0.35234579 | Y16: =if(N16=1,(W16*(S16-V16))*'Säännöt ja ohjeet'!$B$54+X16,"") -> -22.159981 | Z16: =-(S16-1) -> 1 | AA16: =1-V16 -> 0.2909754 | AB16: =power((3300-P16)/200,1.6) -> 25.896078 | AC16: =ln(1+exp((2300-P16)/80))/5 -> 1.3218348 | AD16: =if(N16=1,(AB16*(Z16-AA16))*'Säännöt ja ohjeet'!$B$54+AC16,"") -> 38.043747 | AE16: =10*if($E16=B16,1,-1)+min(10,rounddown((P16-O16)/50,0)-2*$D16*sign(P16-O16))+1 -> -11 | AF16: =10*if($E16=C16,1,-1)+min(10,rounddown((O16-P16)/50,0)-2*$D16*sign(O16-P16))+1 -> 13 | AI16: =if($B16=AI$3,AI15+$Y16,if($C16=AI$3,AI15+$AD16,AI15)) -> 1939.1254 | AJ16: =if($B16=AJ$3,AJ15+$Y16,if($C16=AJ$3,AJ15+$AD16,AJ15)) -> 1809.4177 | AK16: =if($B16=AK$3,AK15+$Y16,if($C16=AK$3,AK15+$AD16,AK15)) -> 2437.2544 | AL16: =if($B16=AL$3,AL15+$Y16,if($C16=AL$3,AL15+$AD16,AL15)) -> 1676.0117 | AM16: =if($B16=AM$3,AM15+$Y16,if($C16=AM$3,AM15+$AD16,AM15)) -> 1804.0721 | AN16: =if($B16=AN$3,AN15+$Y16,if($C16=AN$3,AN15+$AD16,AN15)) -> 2324.4055 | AO16: =if($B16=AO$3,AO15+$Y16,if($C16=AO$3,AO15+$AD16,AO15)) -> 2286.3278 | AP16: =if($B16=AP$3,AP15+$Y16,if($C16=AP$3,AP15+$AD16,AP15)) -> 1646.0151 | ... ED16: =if($B16=ED$3,ED15+$Y16,if($C16=ED$3,ED15+$AD16,ED15)) -> #N/A | EE16: =sum(iferror(AI16:BH16,0))/count(AI16:BH16) -> 1653.6243
B17: Jussa | C17: Peitsa | D17: 0 | E17: Peitsa | F17: 46113 | H17: =if(countblank(B17:E17)<4,TRUE,FALSE) -> TRUE | I17: =if(iferror(match(B17,'Osallistujat ja seuranta'!C:C,0),0)>0,TRUE,FALSE) -> TRUE | J17: =if(iferror(match(C17,'Osallistujat ja seuranta'!C:C,0),0)>0,TRUE,FALSE) -> TRUE | K17: =not(B17=C17) -> TRUE | L17: =or(E17=B17,E17=C17) -> TRUE | M17: =countblank(B17:E17)=0 -> TRUE | N17: =if(and(I17:M17),1,if(H17,0,"")) -> 1 | O17: =if(N17=1,index(16:16,1,match(B17,$3:$3,0)),"") -> 1939.1254 | P17: =if(N17=1,index(16:16,1,match(C17,$3:$3,0)),"") -> 1809.4177 | Q17: =if(N17=1,O17-(P17+D17*100-if(D17>0,50,0))*N17,"") -> 129.70768 | R17: =if(N17=1,P17+D17*100-if(D17>0,50,0),"") -> 1809.4177 | S17: =if(E17=B17,1,0) -> 0 | T17: =-7*ln(3300-O17) -> -50.51118 | U17: =-7*ln(3300-R17) -> -51.148455 | V17: =if(N17=1,1/(1+exp(U17-T17)),"") -> 0.65413717 | W17: =power((3300-O17)/200,1.6) -> 21.501114 | X17: =ln(1+exp((2300-O17)/80))/5 -> 0.90437209 | Y17: =if(N17=1,(W17*(S17-V17))*'Säännöt ja ohjeet'!$B$54+X17,"") -> -27.224984 | Z17: =-(S17-1) -> 1 | AA17: =1-V17 -> 0.34586283 | AB17: =power((3300-P17)/200,1.6) -> 24.872619 | AC17: =ln(1+exp((2300-P17)/80))/5 -> 1.2268895 | AD17: =if(N17=1,(AB17*(Z17-AA17))*'Säännöt ja ohjeet'!$B$54+AC17,"") -> 33.767099 | AE17: =10*if($E17=B17,1,-1)+min(10,rounddown((P17-O17)/50,0)-2*$D17*sign(P17-O17))+1 -> -11 | AF17: =10*if($E17=C17,1,-1)+min(10,rounddown((O17-P17)/50,0)-2*$D17*sign(O17-P17))+1 -> 13 | AI17: =if($B17=AI$3,AI16+$Y17,if($C17=AI$3,AI16+$AD17,AI16)) -> 1911.9004 | AJ17: =if($B17=AJ$3,AJ16+$Y17,if($C17=AJ$3,AJ16+$AD17,AJ16)) -> 1843.1848 | AK17: =if($B17=AK$3,AK16+$Y17,if($C17=AK$3,AK16+$AD17,AK16)) -> 2437.2544 | AL17: =if($B17=AL$3,AL16+$Y17,if($C17=AL$3,AL16+$AD17,AL16)) -> 1676.0117 | AM17: =if($B17=AM$3,AM16+$Y17,if($C17=AM$3,AM16+$AD17,AM16)) -> 1804.0721 | AN17: =if($B17=AN$3,AN16+$Y17,if($C17=AN$3,AN16+$AD17,AN16)) -> 2324.4055 | AO17: =if($B17=AO$3,AO16+$Y17,if($C17=AO$3,AO16+$AD17,AO16)) -> 2286.3278 | AP17: =if($B17=AP$3,AP16+$Y17,if($C17=AP$3,AP16+$AD17,AP16)) -> 1646.0151 | ... ED17: =if($B17=ED$3,ED16+$Y17,if($C17=ED$3,ED16+$AD17,ED16)) -> #N/A | EE17: =sum(iferror(AI17:BH17,0))/count(AI17:BH17) -> 1653.9358
B18: Jussa | C18: Peitsa | D18: 0 | E18: Peitsa | F18: 46113 | H18: =if(countblank(B18:E18)<4,TRUE,FALSE) -> TRUE | I18: =if(iferror(match(B18,'Osallistujat ja seuranta'!C:C,0),0)>0,TRUE,FALSE) -> TRUE | J18: =if(iferror(match(C18,'Osallistujat ja seuranta'!C:C,0),0)>0,TRUE,FALSE) -> TRUE | K18: =not(B18=C18) -> TRUE | L18: =or(E18=B18,E18=C18) -> TRUE | M18: =countblank(B18:E18)=0 -> TRUE | N18: =if(and(I18:M18),1,if(H18,0,"")) -> 1 | O18: =if(N18=1,index(17:17,1,match(B18,$3:$3,0)),"") -> 1911.9004 | P18: =if(N18=1,index(17:17,1,match(C18,$3:$3,0)),"") -> 1843.1848 | Q18: =if(N18=1,O18-(P18+D18*100-if(D18>0,50,0))*N18,"") -> 68.715599 | R18: =if(N18=1,P18+D18*100-if(D18>0,50,0),"") -> 1843.1848 | S18: =if(E18=B18,1,0) -> 0 | T18: =-7*ln(3300-O18) -> -50.649836 | U18: =-7*ln(3300-R18) -> -50.988056 | V18: =if(N18=1,1/(1+exp(U18-T18)),"") -> 0.58375794 | W18: =power((3300-O18)/200,1.6) -> 22.193459 | X18: =ln(1+exp((2300-O18)/80))/5 -> 0.97180654 | Y18: =if(N18=1,(W18*(S18-V18))*'Säännöt ja ohjeet'!$B$54+X18,"") -> -24.939409 | Z18: =-(S18-1) -> 1 | AA18: =1-V18 -> 0.41624206 | AB18: =power((3300-P18)/200,1.6) -> 23.977237 | AC18: =ln(1+exp((2300-P18)/80))/5 -> 1.1426992 | AD18: =if(N18=1,(AB18*(Z18-AA18))*'Säännöt ja ohjeet'!$B$54+AC18,"") -> 29.136504 | AE18: =10*if($E18=B18,1,-1)+min(10,rounddown((P18-O18)/50,0)-2*$D18*sign(P18-O18))+1 -> -10 | AF18: =10*if($E18=C18,1,-1)+min(10,rounddown((O18-P18)/50,0)-2*$D18*sign(O18-P18))+1 -> 12 | AI18: =if($B18=AI$3,AI17+$Y18,if($C18=AI$3,AI17+$AD18,AI17)) -> 1886.961 | AJ18: =if($B18=AJ$3,AJ17+$Y18,if($C18=AJ$3,AJ17+$AD18,AJ17)) -> 1872.3213 | AK18: =if($B18=AK$3,AK17+$Y18,if($C18=AK$3,AK17+$AD18,AK17)) -> 2437.2544 | AL18: =if($B18=AL$3,AL17+$Y18,if($C18=AL$3,AL17+$AD18,AL17)) -> 1676.0117 | AM18: =if($B18=AM$3,AM17+$Y18,if($C18=AM$3,AM17+$AD18,AM17)) -> 1804.0721 | AN18: =if($B18=AN$3,AN17+$Y18,if($C18=AN$3,AN17+$AD18,AN17)) -> 2324.4055 | AO18: =if($B18=AO$3,AO17+$Y18,if($C18=AO$3,AO17+$AD18,AO17)) -> 2286.3278 | AP18: =if($B18=AP$3,AP17+$Y18,if($C18=AP$3,AP17+$AD18,AP17)) -> 1646.0151 | ... ED18: =if($B18=ED$3,ED17+$Y18,if($C18=ED$3,ED17+$AD18,ED17)) -> #N/A | EE18: =sum(iferror(AI18:BH18,0))/count(AI18:BH18) -> 1654.1357
B19: Kulkija | C19: Janne L | D19: 0 | E19: Kulkija | F19: 46113 | H19: =if(countblank(B19:E19)<4,TRUE,FALSE) -> TRUE | I19: =if(iferror(match(B19,'Osallistujat ja seuranta'!C:C,0),0)>0,TRUE,FALSE) -> TRUE | J19: =if(iferror(match(C19,'Osallistujat ja seuranta'!C:C,0),0)>0,TRUE,FALSE) -> TRUE | K19: =not(B19=C19) -> TRUE | L19: =or(E19=B19,E19=C19) -> TRUE | M19: =countblank(B19:E19)=0 -> TRUE | N19: =if(and(I19:M19),1,if(H19,0,"")) -> 1 | O19: =if(N19=1,index(18:18,1,match(B19,$3:$3,0)),"") -> 1295.9892 | P19: =if(N19=1,index(18:18,1,match(C19,$3:$3,0)),"") -> 1113.3281 | Q19: =if(N19=1,O19-(P19+D19*100-if(D19>0,50,0))*N19,"") -> 182.66114 | R19: =if(N19=1,P19+D19*100-if(D19>0,50,0),"") -> 1113.3281 | S19: =if(E19=B19,1,0) -> 1 | T19: =-7*ln(3300-O19) -> -53.220341 | U19: =-7*ln(3300-R19) -> -53.830952 | V19: =if(N19=1,1/(1+exp(U19-T19)),"") -> 0.64808019 | W19: =power((3300-O19)/200,1.6) -> 39.938532 | X19: =ln(1+exp((2300-O19)/80))/5 -> 2.5100277 | Y19: =if(N19=1,(W19*(S19-V19))*'Säännöt ja ohjeet'!$B$54+X19,"") -> 30.620349 | Z19: =-(S19-1) -> 0 | AA19: =1-V19 -> 0.35191981 | AB19: =power((3300-P19)/200,1.6) -> 45.920417 | AC19: =ln(1+exp((2300-P19)/80))/5 -> 2.9666799 | AD19: =if(N19=1,(AB19*(Z19-AA19))*'Säännöt ja ohjeet'!$B$54+AC19,"") -> -29.353929 | AE19: =10*if($E19=B19,1,-1)+min(10,rounddown((P19-O19)/50,0)-2*$D19*sign(P19-O19))+1 -> 8 | AF19: =10*if($E19=C19,1,-1)+min(10,rounddown((O19-P19)/50,0)-2*$D19*sign(O19-P19))+1 -> -6 | AI19: =if($B19=AI$3,AI18+$Y19,if($C19=AI$3,AI18+$AD19,AI18)) -> 1886.961 | AJ19: =if($B19=AJ$3,AJ18+$Y19,if($C19=AJ$3,AJ18+$AD19,AJ18)) -> 1872.3213 | AK19: =if($B19=AK$3,AK18+$Y19,if($C19=AK$3,AK18+$AD19,AK18)) -> 2437.2544 | AL19: =if($B19=AL$3,AL18+$Y19,if($C19=AL$3,AL18+$AD19,AL18)) -> 1676.0117 | AM19: =if($B19=AM$3,AM18+$Y19,if($C19=AM$3,AM18+$AD19,AM18)) -> 1804.0721 | AN19: =if($B19=AN$3,AN18+$Y19,if($C19=AN$3,AN18+$AD19,AN18)) -> 2324.4055 | AO19: =if($B19=AO$3,AO18+$Y19,if($C19=AO$3,AO18+$AD19,AO18)) -> 2286.3278 | AP19: =if($B19=AP$3,AP18+$Y19,if($C19=AP$3,AP18+$AD19,AP18)) -> 1646.0151 | ... ED19: =if($B19=ED$3,ED18+$Y19,if($C19=ED$3,ED18+$AD19,ED18)) -> #N/A | EE19: =sum(iferror(AI19:BH19,0))/count(AI19:BH19) -> 1654.196
B20: Kulkija | C20: Janne L | D20: 0 | E20: Kulkija | F20: 46113 | H20: =if(countblank(B20:E20)<4,TRUE,FALSE) -> TRUE | I20: =if(iferror(match(B20,'Osallistujat ja seuranta'!C:C,0),0)>0,TRUE,FALSE) -> TRUE | J20: =if(iferror(match(C20,'Osallistujat ja seuranta'!C:C,0),0)>0,TRUE,FALSE) -> TRUE | K20: =not(B20=C20) -> TRUE | L20: =or(E20=B20,E20=C20) -> TRUE | M20: =countblank(B20:E20)=0 -> TRUE | N20: =if(and(I20:M20),1,if(H20,0,"")) -> 1 | O20: =if(N20=1,index(19:19,1,match(B20,$3:$3,0)),"") -> 1326.6095 | P20: =if(N20=1,index(19:19,1,match(C20,$3:$3,0)),"") -> 1083.9741 | Q20: =if(N20=1,O20-(P20+D20*100-if(D20>0,50,0))*N20,"") -> 242.63542 | R20: =if(N20=1,P20+D20*100-if(D20>0,50,0),"") -> 1083.9741 | S20: =if(E20=B20,1,0) -> 1 | T20: =-7*ln(3300-O20) -> -53.112559 | U20: =-7*ln(3300-R20) -> -53.924295 | V20: =if(N20=1,1/(1+exp(U20-T20)),"") -> 0.69247939 | W20: =power((3300-O20)/200,1.6) -> 38.96663 | X20: =ln(1+exp((2300-O20)/80))/5 -> 2.4334772 | Y20: =if(N20=1,(W20*(S20-V20))*'Säännöt ja ohjeet'!$B$54+X20,"") -> 26.39956 | Z20: =-(S20-1) -> 0 | AA20: =1-V20 -> 0.30752061 | AB20: =power((3300-P20)/200,1.6) -> 46.91068 | AC20: =ln(1+exp((2300-P20)/80))/5 -> 3.0400647 | AD20: =if(N20=1,(AB20*(Z20-AA20))*'Säännöt ja ohjeet'!$B$54+AC20,"") -> -25.811937 | AE20: =10*if($E20=B20,1,-1)+min(10,rounddown((P20-O20)/50,0)-2*$D20*sign(P20-O20))+1 -> 7 | AF20: =10*if($E20=C20,1,-1)+min(10,rounddown((O20-P20)/50,0)-2*$D20*sign(O20-P20))+1 -> -5 | AI20: =if($B20=AI$3,AI19+$Y20,if($C20=AI$3,AI19+$AD20,AI19)) -> 1886.961 | AJ20: =if($B20=AJ$3,AJ19+$Y20,if($C20=AJ$3,AJ19+$AD20,AJ19)) -> 1872.3213 | AK20: =if($B20=AK$3,AK19+$Y20,if($C20=AK$3,AK19+$AD20,AK19)) -> 2437.2544 | AL20: =if($B20=AL$3,AL19+$Y20,if($C20=AL$3,AL19+$AD20,AL19)) -> 1676.0117 | AM20: =if($B20=AM$3,AM19+$Y20,if($C20=AM$3,AM19+$AD20,AM19)) -> 1804.0721 | AN20: =if($B20=AN$3,AN19+$Y20,if($C20=AN$3,AN19+$AD20,AN19)) -> 2324.4055 | AO20: =if($B20=AO$3,AO19+$Y20,if($C20=AO$3,AO19+$AD20,AO19)) -> 2286.3278 | AP20: =if($B20=AP$3,AP19+$Y20,if($C20=AP$3,AP19+$AD20,AP19)) -> 1646.0151 | ... ED20: =if($B20=ED$3,ED19+$Y20,if($C20=ED$3,ED19+$AD20,ED19)) -> #N/A | EE20: =sum(iferror(AI20:BH20,0))/count(AI20:BH20) -> 1654.224
B21: Olli | C21: Peitsa | D21: 5 | E21: Olli | F21: 46117 | H21: =if(countblank(B21:E21)<4,TRUE,FALSE) -> TRUE | I21: =if(iferror(match(B21,'Osallistujat ja seuranta'!C:C,0),0)>0,TRUE,FALSE) -> TRUE | J21: =if(iferror(match(C21,'Osallistujat ja seuranta'!C:C,0),0)>0,TRUE,FALSE) -> TRUE | K21: =not(B21=C21) -> TRUE | L21: =or(E21=B21,E21=C21) -> TRUE | M21: =countblank(B21:E21)=0 -> TRUE | N21: =if(and(I21:M21),1,if(H21,0,"")) -> 1 | O21: =if(N21=1,index(20:20,1,match(B21,$3:$3,0)),"") -> 2437.2544 | P21: =if(N21=1,index(20:20,1,match(C21,$3:$3,0)),"") -> 1872.3213 | Q21: =if(N21=1,O21-(P21+D21*100-if(D21>0,50,0))*N21,"") -> 114.93305 | R21: =if(N21=1,P21+D21*100-if(D21>0,50,0),"") -> 2322.3213 | S21: =if(E21=B21,1,0) -> 1 | T21: =-7*ln(3300-O21) -> -47.320839 | U21: =-7*ln(3300-R21) -> -48.196267 | V21: =if(N21=1,1/(1+exp(U21-T21)),"") -> 0.70587394 | W21: =power((3300-O21)/200,1.6) -> 10.369658 | X21: =ln(1+exp((2300-O21)/80))/5 -> 0.033076004 | Y21: =if(N21=1,(W21*(S21-V21))*'Säännöt ja ohjeet'!$B$54+X21,"") -> 6.1330491 | Z21: =-(S21-1) -> 0 | AA21: =1-V21 -> 0.29412606 | AB21: =power((3300-P21)/200,1.6) -> 23.214576 | AC21: =ln(1+exp((2300-P21)/80))/5 -> 1.0701478 | AD21: =if(N21=1,(AB21*(Z21-AA21))*'Säännöt ja ohjeet'!$B$54+AC21,"") -> -12.585876 | AE21: =10*if($E21=B21,1,-1)+min(10,rounddown((P21-O21)/50,0)-2*$D21*sign(P21-O21))+1 -> 10 | AF21: =10*if($E21=C21,1,-1)+min(10,rounddown((O21-P21)/50,0)-2*$D21*sign(O21-P21))+1 -> -8 | AI21: =if($B21=AI$3,AI20+$Y21,if($C21=AI$3,AI20+$AD21,AI20)) -> 1886.961 | AJ21: =if($B21=AJ$3,AJ20+$Y21,if($C21=AJ$3,AJ20+$AD21,AJ20)) -> 1859.7355 | AK21: =if($B21=AK$3,AK20+$Y21,if($C21=AK$3,AK20+$AD21,AK20)) -> 2443.3874 | AL21: =if($B21=AL$3,AL20+$Y21,if($C21=AL$3,AL20+$AD21,AL20)) -> 1676.0117 | AM21: =if($B21=AM$3,AM20+$Y21,if($C21=AM$3,AM20+$AD21,AM20)) -> 1804.0721 | AN21: =if($B21=AN$3,AN20+$Y21,if($C21=AN$3,AN20+$AD21,AN20)) -> 2324.4055 | AO21: =if($B21=AO$3,AO20+$Y21,if($C21=AO$3,AO20+$AD21,AO20)) -> 2286.3278 | AP21: =if($B21=AP$3,AP20+$Y21,if($C21=AP$3,AP20+$AD21,AP20)) -> 1646.0151 | ... ED21: =if($B21=ED$3,ED20+$Y21,if($C21=ED$3,ED20+$AD21,ED20)) -> #N/A | EE21: =sum(iferror(AI21:BH21,0))/count(AI21:BH21) -> 1653.9167
B22: Jussa | C22: Lauri | D22: 0 | E22: Jussa | F22: 46117 | H22: =if(countblank(B22:E22)<4,TRUE,FALSE) -> TRUE | I22: =if(iferror(match(B22,'Osallistujat ja seuranta'!C:C,0),0)>0,TRUE,FALSE) -> TRUE | J22: =if(iferror(match(C22,'Osallistujat ja seuranta'!C:C,0),0)>0,TRUE,FALSE) -> TRUE | K22: =not(B22=C22) -> TRUE | L22: =or(E22=B22,E22=C22) -> TRUE | M22: =countblank(B22:E22)=0 -> TRUE | N22: =if(and(I22:M22),1,if(H22,0,"")) -> 1 | O22: =if(N22=1,index(21:21,1,match(B22,$3:$3,0)),"") -> 1886.961 | P22: =if(N22=1,index(21:21,1,match(C22,$3:$3,0)),"") -> 1676.0117 | Q22: =if(N22=1,O22-(P22+D22*100-if(D22>0,50,0))*N22,"") -> 210.94931 | R22: =if(N22=1,P22+D22*100-if(D22>0,50,0),"") -> 1676.0117 | S22: =if(E22=B22,1,0) -> 1 | T22: =-7*ln(3300-O22) -> -50.774486 | U22: =-7*ln(3300-R22) -> -51.748482 | V22: =if(N22=1,1/(1+exp(U22-T22)),"") -> 0.72591535 | W22: =power((3300-O22)/200,1.6) -> 22.834874 | X22: =ln(1+exp((2300-O22)/80))/5 -> 1.0337391 | Y22: =if(N22=1,(W22*(S22-V22))*'Säännöt ja ohjeet'!$B$54+X22,"") -> 13.551116 | Z22: =-(S22-1) -> 0 | AA22: =1-V22 -> 0.27408465 | AB22: =power((3300-P22)/200,1.6) -> 28.528874 | AC22: =ln(1+exp((2300-P22)/80))/5 -> 1.5600526 | AD22: =if(N22=1,(AB22*(Z22-AA22))*'Säännöt ja ohjeet'!$B$54+AC22,"") -> -14.0786 | AE22: =10*if($E22=B22,1,-1)+min(10,rounddown((P22-O22)/50,0)-2*$D22*sign(P22-O22))+1 -> 7 | AF22: =10*if($E22=C22,1,-1)+min(10,rounddown((O22-P22)/50,0)-2*$D22*sign(O22-P22))+1 -> -5 | AI22: =if($B22=AI$3,AI21+$Y22,if($C22=AI$3,AI21+$AD22,AI21)) -> 1900.5122 | AJ22: =if($B22=AJ$3,AJ21+$Y22,if($C22=AJ$3,AJ21+$AD22,AJ21)) -> 1859.7355 | AK22: =if($B22=AK$3,AK21+$Y22,if($C22=AK$3,AK21+$AD22,AK21)) -> 2443.3874 | AL22: =if($B22=AL$3,AL21+$Y22,if($C22=AL$3,AL21+$AD22,AL21)) -> 1661.9331 | AM22: =if($B22=AM$3,AM21+$Y22,if($C22=AM$3,AM21+$AD22,AM21)) -> 1804.0721 | AN22: =if($B22=AN$3,AN21+$Y22,if($C22=AN$3,AN21+$AD22,AN21)) -> 2324.4055 | AO22: =if($B22=AO$3,AO21+$Y22,if($C22=AO$3,AO21+$AD22,AO21)) -> 2286.3278 | AP22: =if($B22=AP$3,AP21+$Y22,if($C22=AP$3,AP21+$AD22,AP21)) -> 1646.0151 | ... ED22: =if($B22=ED$3,ED21+$Y22,if($C22=ED$3,ED21+$AD22,ED21)) -> #N/A | EE22: =sum(iferror(AI22:BH22,0))/count(AI22:BH22) -> 1653.8916
B23: Timo | C23: Jussa | D23: 4 | E23: Jussa | F23: 46117 | H23: =if(countblank(B23:E23)<4,TRUE,FALSE) -> TRUE | I23: =if(iferror(match(B23,'Osallistujat ja seuranta'!C:C,0),0)>0,TRUE,FALSE) -> TRUE | J23: =if(iferror(match(C23,'Osallistujat ja seuranta'!C:C,0),0)>0,TRUE,FALSE) -> TRUE | K23: =not(B23=C23) -> TRUE | L23: =or(E23=B23,E23=C23) -> TRUE | M23: =countblank(B23:E23)=0 -> TRUE | N23: =if(and(I23:M23),1,if(H23,0,"")) -> 1 | O23: =if(N23=1,index(22:22,1,match(B23,$3:$3,0)),"") -> 2324.4055 | P23: =if(N23=1,index(22:22,1,match(C23,$3:$3,0)),"") -> 1900.5122 | Q23: =if(N23=1,O23-(P23+D23*100-if(D23>0,50,0))*N23,"") -> 73.89335 | R23: =if(N23=1,P23+D23*100-if(D23>0,50,0),"") -> 2250.5122 | S23: =if(E23=B23,1,0) -> 0 | T23: =-7*ln(3300-O23) -> -48.181329 | U23: =-7*ln(3300-R23) -> -48.692403 | V23: =if(N23=1,1/(1+exp(U23-T23)),"") -> 0.62505815 | W23: =power((3300-O23)/200,1.6) -> 12.623592 | X23: =ln(1+exp((2300-O23)/80))/5 -> 0.11044027 | Y23: =if(N23=1,(W23*(S23-V23))*'Säännöt ja ohjeet'!$B$54+X23,"") -> -15.670518 | Z23: =-(S23-1) -> 1 | AA23: =1-V23 -> 0.37494185 | AB23: =power((3300-P23)/200,1.6) -> 22.485504 | AC23: =ln(1+exp((2300-P23)/80))/5 -> 1.0000713 | AD23: =if(N23=1,(AB23*(Z23-AA23))*'Säännöt ja ohjeet'!$B$54+AC23,"") -> 29.109566 | AE23: =10*if($E23=B23,1,-1)+min(10,rounddown((P23-O23)/50,0)-2*$D23*sign(P23-O23))+1 -> -9 | AF23: =10*if($E23=C23,1,-1)+min(10,rounddown((O23-P23)/50,0)-2*$D23*sign(O23-P23))+1 -> 11 | AI23: =if($B23=AI$3,AI22+$Y23,if($C23=AI$3,AI22+$AD23,AI22)) -> 1929.6217 | AJ23: =if($B23=AJ$3,AJ22+$Y23,if($C23=AJ$3,AJ22+$AD23,AJ22)) -> 1859.7355 | AK23: =if($B23=AK$3,AK22+$Y23,if($C23=AK$3,AK22+$AD23,AK22)) -> 2443.3874 | AL23: =if($B23=AL$3,AL22+$Y23,if($C23=AL$3,AL22+$AD23,AL22)) -> 1661.9331 | AM23: =if($B23=AM$3,AM22+$Y23,if($C23=AM$3,AM22+$AD23,AM22)) -> 1804.0721 | AN23: =if($B23=AN$3,AN22+$Y23,if($C23=AN$3,AN22+$AD23,AN22)) -> 2308.735 | AO23: =if($B23=AO$3,AO22+$Y23,if($C23=AO$3,AO22+$AD23,AO22)) -> 2286.3278 | AP23: =if($B23=AP$3,AP22+$Y23,if($C23=AP$3,AP22+$AD23,AP22)) -> 1646.0151 | ... ED23: =if($B23=ED$3,ED22+$Y23,if($C23=ED$3,ED22+$AD23,ED22)) -> #N/A | EE23: =sum(iferror(AI23:BH23,0))/count(AI23:BH23) -> 1654.5315
B24: Jussa | C24: Olli | D24: 5 | E24: Olli | F24: 46120 | H24: =if(countblank(B24:E24)<4,TRUE,FALSE) -> TRUE | I24: =if(iferror(match(B24,'Osallistujat ja seuranta'!C:C,0),0)>0,TRUE,FALSE) -> TRUE | J24: =if(iferror(match(C24,'Osallistujat ja seuranta'!C:C,0),0)>0,TRUE,FALSE) -> TRUE | K24: =not(B24=C24) -> TRUE | L24: =or(E24=B24,E24=C24) -> TRUE | M24: =countblank(B24:E24)=0 -> TRUE | N24: =if(and(I24:M24),1,if(H24,0,"")) -> 1 | O24: =if(N24=1,index(23:23,1,match(B24,$3:$3,0)),"") -> 1929.6217 | P24: =if(N24=1,index(23:23,1,match(C24,$3:$3,0)),"") -> 2443.3874 | Q24: =if(N24=1,O24-(P24+D24*100-if(D24>0,50,0))*N24,"") -> -963.76573 | R24: =if(N24=1,P24+D24*100-if(D24>0,50,0),"") -> 2893.3874 | S24: =if(E24=B24,1,0) -> 0 | T24: =-7*ln(3300-O24) -> -50.559895 | U24: =-7*ln(3300-R24) -> -42.055025 | V24: =if(N24=1,1/(1+exp(U24-T24)),"") -> 0.00020243905 | W24: =power((3300-O24)/200,1.6) -> 21.741863 | X24: =ln(1+exp((2300-O24)/80))/5 -> 0.92788773 | Y24: =if(N24=1,(W24*(S24-V24))*'Säännöt ja ohjeet'!$B$54+X24,"") -> 0.91908493 | Z24: =-(S24-1) -> 1 | AA24: =1-V24 -> 0.99979756 | AB24: =power((3300-P24)/200,1.6) -> 10.251965 | AC24: =ln(1+exp((2300-P24)/80))/5 -> 0.030813466 | AD24: =if(N24=1,(AB24*(Z24-AA24))*'Säännöt ja ohjeet'!$B$54+AC24,"") -> 0.034964262 | AE24: =10*if($E24=B24,1,-1)+min(10,rounddown((P24-O24)/50,0)-2*$D24*sign(P24-O24))+1 -> -9 | AF24: =10*if($E24=C24,1,-1)+min(10,rounddown((O24-P24)/50,0)-2*$D24*sign(O24-P24))+1 -> 11 | AI24: =if($B24=AI$3,AI23+$Y24,if($C24=AI$3,AI23+$AD24,AI23)) -> 1930.5408 | AJ24: =if($B24=AJ$3,AJ23+$Y24,if($C24=AJ$3,AJ23+$AD24,AJ23)) -> 1859.7355 | AK24: =if($B24=AK$3,AK23+$Y24,if($C24=AK$3,AK23+$AD24,AK23)) -> 2443.4224 | AL24: =if($B24=AL$3,AL23+$Y24,if($C24=AL$3,AL23+$AD24,AL23)) -> 1661.9331 | AM24: =if($B24=AM$3,AM23+$Y24,if($C24=AM$3,AM23+$AD24,AM23)) -> 1804.0721 | AN24: =if($B24=AN$3,AN23+$Y24,if($C24=AN$3,AN23+$AD24,AN23)) -> 2308.735 | AO24: =if($B24=AO$3,AO23+$Y24,if($C24=AO$3,AO23+$AD24,AO23)) -> 2286.3278 | AP24: =if($B24=AP$3,AP23+$Y24,if($C24=AP$3,AP23+$AD24,AP23)) -> 1646.0151 | ... ED24: =if($B24=ED$3,ED23+$Y24,if($C24=ED$3,ED23+$AD24,ED23)) -> #N/A | EE24: =sum(iferror(AI24:BH24,0))/count(AI24:BH24) -> 1654.577
B25: Olli | C25: Kulkija | D25: 7 | E25: Olli | F25: 46120 | H25: =if(countblank(B25:E25)<4,TRUE,FALSE) -> TRUE | I25: =if(iferror(match(B25,'Osallistujat ja seuranta'!C:C,0),0)>0,TRUE,FALSE) -> TRUE | J25: =if(iferror(match(C25,'Osallistujat ja seuranta'!C:C,0),0)>0,TRUE,FALSE) -> TRUE | K25: =not(B25=C25) -> TRUE | L25: =or(E25=B25,E25=C25) -> TRUE | M25: =countblank(B25:E25)=0 -> TRUE | N25: =if(and(I25:M25),1,if(H25,0,"")) -> 1 | O25: =if(N25=1,index(24:24,1,match(B25,$3:$3,0)),"") -> 2443.4224 | P25: =if(N25=1,index(24:24,1,match(C25,$3:$3,0)),"") -> 1353.0091 | Q25: =if(N25=1,O25-(P25+D25*100-if(D25>0,50,0))*N25,"") -> 440.4133 | R25: =if(N25=1,P25+D25*100-if(D25>0,50,0),"") -> 2003.0091 | S25: =if(E25=B25,1,0) -> 1 | T25: =-7*ln(3300-O25) -> -47.270614 | U25: =-7*ln(3300-R25) -> -50.174615 | V25: =if(N25=1,1/(1+exp(U25-T25)),"") -> 0.94804386 | W25: =power((3300-O25)/200,1.6) -> 10.251295 | X25: =ln(1+exp((2300-O25)/80))/5 -> 0.030800987 | Y25: =if(N25=1,(W25*(S25-V25))*'Säännöt ja ohjeet'!$B$54+X25,"") -> 1.0960365 | Z25: =-(S25-1) -> 0 | AA25: =1-V25 -> 0.051956143 | AB25: =power((3300-P25)/200,1.6) -> 38.135924 | AC25: =ln(1+exp((2300-P25)/80))/5 -> 2.3674787 | AD25: =if(N25=1,(AB25*(Z25-AA25))*'Säännöt ja ohjeet'!$B$54+AC25,"") -> -1.5953124 | AE25: =10*if($E25=B25,1,-1)+min(10,rounddown((P25-O25)/50,0)-2*$D25*sign(P25-O25))+1 -> 4 | AF25: =10*if($E25=C25,1,-1)+min(10,rounddown((O25-P25)/50,0)-2*$D25*sign(O25-P25))+1 -> -2 | AI25: =if($B25=AI$3,AI24+$Y25,if($C25=AI$3,AI24+$AD25,AI24)) -> 1930.5408 | AJ25: =if($B25=AJ$3,AJ24+$Y25,if($C25=AJ$3,AJ24+$AD25,AJ24)) -> 1859.7355 | AK25: =if($B25=AK$3,AK24+$Y25,if($C25=AK$3,AK24+$AD25,AK24)) -> 2444.5184 | AL25: =if($B25=AL$3,AL24+$Y25,if($C25=AL$3,AL24+$AD25,AL24)) -> 1661.9331 | AM25: =if($B25=AM$3,AM24+$Y25,if($C25=AM$3,AM24+$AD25,AM24)) -> 1804.0721 | AN25: =if($B25=AN$3,AN24+$Y25,if($C25=AN$3,AN24+$AD25,AN24)) -> 2308.735 | AO25: =if($B25=AO$3,AO24+$Y25,if($C25=AO$3,AO24+$AD25,AO24)) -> 2286.3278 | AP25: =if($B25=AP$3,AP24+$Y25,if($C25=AP$3,AP24+$AD25,AP24)) -> 1646.0151 | ... ED25: =if($B25=ED$3,ED24+$Y25,if($C25=ED$3,ED24+$AD25,ED24)) -> #N/A | EE25: =sum(iferror(AI25:BH25,0))/count(AI25:BH25) -> 1654.5532
B26: Peitsa | C26: Ilia | D26: 7 | E26: Peitsa | F26: 46120 | H26: =if(countblank(B26:E26)<4,TRUE,FALSE) -> TRUE | I26: =if(iferror(match(B26,'Osallistujat ja seuranta'!C:C,0),0)>0,TRUE,FALSE) -> TRUE | J26: =if(iferror(match(C26,'Osallistujat ja seuranta'!C:C,0),0)>0,TRUE,FALSE) -> TRUE | K26: =not(B26=C26) -> TRUE | L26: =or(E26=B26,E26=C26) -> TRUE | M26: =countblank(B26:E26)=0 -> TRUE | N26: =if(and(I26:M26),1,if(H26,0,"")) -> 1 | O26: =if(N26=1,index(25:25,1,match(B26,$3:$3,0)),"") -> 1859.7355 | P26: =if(N26=1,index(25:25,1,match(C26,$3:$3,0)),"") -> 883.85095 | Q26: =if(N26=1,O26-(P26+D26*100-if(D26>0,50,0))*N26,"") -> 325.88452 | R26: =if(N26=1,P26+D26*100-if(D26>0,50,0),"") -> 1533.851 | S26: =if(E26=B26,1,0) -> 1 | T26: =-7*ln(3300-O26) -> -50.908075 | U26: =-7*ln(3300-R26) -> -52.335897 | V26: =if(N26=1,1/(1+exp(U26-T26)),"") -> 0.80656187 | W26: =power((3300-O26)/200,1.6) -> 23.542882 | X26: =ln(1+exp((2300-O26)/80))/5 -> 1.1014743 | Y26: =if(N26=1,(W26*(S26-V26))*'Säännöt ja ohjeet'!$B$54+X26,"") -> 10.209656 | Z26: =-(S26-1) -> 0 | AA26: =1-V26 -> 0.19343813 | AB26: =power((3300-P26)/200,1.6) -> 53.87037 | AC26: =ln(1+exp((2300-P26)/80))/5 -> 3.5403726 | AD26: =if(N26=1,(AB26*(Z26-AA26))*'Säännöt ja ohjeet'!$B$54+AC26,"") -> -17.300795 | AE26: =10*if($E26=B26,1,-1)+min(10,rounddown((P26-O26)/50,0)-2*$D26*sign(P26-O26))+1 -> 6 | AF26: =10*if($E26=C26,1,-1)+min(10,rounddown((O26-P26)/50,0)-2*$D26*sign(O26-P26))+1 -> -4 | AI26: =if($B26=AI$3,AI25+$Y26,if($C26=AI$3,AI25+$AD26,AI25)) -> 1930.5408 | AJ26: =if($B26=AJ$3,AJ25+$Y26,if($C26=AJ$3,AJ25+$AD26,AJ25)) -> 1869.9451 | AK26: =if($B26=AK$3,AK25+$Y26,if($C26=AK$3,AK25+$AD26,AK25)) -> 2444.5184 | AL26: =if($B26=AL$3,AL25+$Y26,if($C26=AL$3,AL25+$AD26,AL25)) -> 1661.9331 | AM26: =if($B26=AM$3,AM25+$Y26,if($C26=AM$3,AM25+$AD26,AM25)) -> 1804.0721 | AN26: =if($B26=AN$3,AN25+$Y26,if($C26=AN$3,AN25+$AD26,AN25)) -> 2308.735 | AO26: =if($B26=AO$3,AO25+$Y26,if($C26=AO$3,AO25+$AD26,AO25)) -> 2286.3278 | AP26: =if($B26=AP$3,AP25+$Y26,if($C26=AP$3,AP25+$AD26,AP25)) -> 1646.0151 | ... ED26: =if($B26=ED$3,ED25+$Y26,if($C26=ED$3,ED25+$AD26,ED25)) -> #N/A | EE26: =sum(iferror(AI26:BH26,0))/count(AI26:BH26) -> 1654.2155
B27: Olli | C27: Teemu | D27: 1 | E27: Olli | F27: 46124 | H27: =if(countblank(B27:E27)<4,TRUE,FALSE) -> TRUE | I27: =if(iferror(match(B27,'Osallistujat ja seuranta'!C:C,0),0)>0,TRUE,FALSE) -> TRUE | J27: =if(iferror(match(C27,'Osallistujat ja seuranta'!C:C,0),0)>0,TRUE,FALSE) -> TRUE | K27: =not(B27=C27) -> TRUE | L27: =or(E27=B27,E27=C27) -> TRUE | M27: =countblank(B27:E27)=0 -> TRUE | N27: =if(and(I27:M27),1,if(H27,0,"")) -> 1 | O27: =if(N27=1,index(26:26,1,match(B27,$3:$3,0)),"") -> 2444.5184 | P27: =if(N27=1,index(26:26,1,match(C27,$3:$3,0)),"") -> 2183.965 | Q27: =if(N27=1,O27-(P27+D27*100-if(D27>0,50,0))*N27,"") -> 210.5534 | R27: =if(N27=1,P27+D27*100-if(D27>0,50,0),"") -> 2233.965 | S27: =if(E27=B27,1,0) -> 1 | T27: =-7*ln(3300-O27) -> -47.261652 | U27: =-7*ln(3300-R27) -> -48.80191 | V27: =if(N27=1,1/(1+exp(U27-T27)),"") -> 0.82350223 | W27: =power((3300-O27)/200,1.6) -> 10.230316 | X27: =ln(1+exp((2300-O27)/80))/5 -> 0.030412177 | Y27: =if(N27=1,(W27*(S27-V27))*'Säännöt ja ohjeet'!$B$54+X27,"") -> 3.641668 | Z27: =-(S27-1) -> 0 | AA27: =1-V27 -> 0.17649777 | AB27: =power((3300-P27)/200,1.6) -> 15.654402 | AC27: =ln(1+exp((2300-P27)/80))/5 -> 0.33221537 | AD27: =if(N27=1,(AB27*(Z27-AA27))*'Säännöt ja ohjeet'!$B$54+AC27,"") -> -5.1937186 | AE27: =10*if($E27=B27,1,-1)+min(10,rounddown((P27-O27)/50,0)-2*$D27*sign(P27-O27))+1 -> 8 | AF27: =10*if($E27=C27,1,-1)+min(10,rounddown((O27-P27)/50,0)-2*$D27*sign(O27-P27))+1 -> -6 | AI27: =if($B27=AI$3,AI26+$Y27,if($C27=AI$3,AI26+$AD27,AI26)) -> 1930.5408 | AJ27: =if($B27=AJ$3,AJ26+$Y27,if($C27=AJ$3,AJ26+$AD27,AJ26)) -> 1869.9451 | AK27: =if($B27=AK$3,AK26+$Y27,if($C27=AK$3,AK26+$AD27,AK26)) -> 2448.1601 | AL27: =if($B27=AL$3,AL26+$Y27,if($C27=AL$3,AL26+$AD27,AL26)) -> 1661.9331 | AM27: =if($B27=AM$3,AM26+$Y27,if($C27=AM$3,AM26+$AD27,AM26)) -> 1804.0721 | AN27: =if($B27=AN$3,AN26+$Y27,if($C27=AN$3,AN26+$AD27,AN26)) -> 2308.735 | AO27: =if($B27=AO$3,AO26+$Y27,if($C27=AO$3,AO26+$AD27,AO26)) -> 2286.3278 | AP27: =if($B27=AP$3,AP26+$Y27,if($C27=AP$3,AP26+$AD27,AP26)) -> 1646.0151 | ... ED27: =if($B27=ED$3,ED26+$Y27,if($C27=ED$3,ED26+$AD27,ED26)) -> #N/A | EE27: =sum(iferror(AI27:BH27,0))/count(AI27:BH27) -> 1654.1416
B28: Olli | C28: Janne L | D28: 9 | E28: Olli | F28: 46127 | H28: =if(countblank(B28:E28)<4,TRUE,FALSE) -> TRUE | I28: =if(iferror(match(B28,'Osallistujat ja seuranta'!C:C,0),0)>0,TRUE,FALSE) -> TRUE | J28: =if(iferror(match(C28,'Osallistujat ja seuranta'!C:C,0),0)>0,TRUE,FALSE) -> TRUE | K28: =not(B28=C28) -> TRUE | L28: =or(E28=B28,E28=C28) -> TRUE | M28: =countblank(B28:E28)=0 -> TRUE | N28: =if(and(I28:M28),1,if(H28,0,"")) -> 1 | O28: =if(N28=1,index(27:27,1,match(B28,$3:$3,0)),"") -> 2448.1601 | P28: =if(N28=1,index(27:27,1,match(C28,$3:$3,0)),"") -> 1058.1622 | Q28: =if(N28=1,O28-(P28+D28*100-if(D28>0,50,0))*N28,"") -> 539.99793 | R28: =if(N28=1,P28+D28*100-if(D28>0,50,0),"") -> 1908.1622 | S28: =if(E28=B28,1,0) -> 1 | T28: =-7*ln(3300-O28) -> -47.23179 | U28: =-7*ln(3300-R28) -> -50.668662 | V28: =if(N28=1,1/(1+exp(U28-T28)),"") -> 0.96883722 | W28: =power((3300-O28)/200,1.6) -> 10.160726 | X28: =ln(1+exp((2300-O28)/80))/5 -> 0.029152741 | Y28: =if(N28=1,(W28*(S28-V28))*'Säännöt ja ohjeet'!$B$54+X28,"") -> 0.66242572 | Z28: =-(S28-1) -> 0 | AA28: =1-V28 -> 0.03116278 | AB28: =power((3300-P28)/200,1.6) -> 47.787984 | AC28: =ln(1+exp((2300-P28)/80))/5 -> 3.1045946 | AD28: =if(N28=1,(AB28*(Z28-AA28))*'Säännöt ja ohjeet'!$B$54+AC28,"") -> 0.12618166 | AE28: =10*if($E28=B28,1,-1)+min(10,rounddown((P28-O28)/50,0)-2*$D28*sign(P28-O28))+1 -> 2 | AF28: =10*if($E28=C28,1,-1)+min(10,rounddown((O28-P28)/50,0)-2*$D28*sign(O28-P28))+1 -> 0 | AI28: =if($B28=AI$3,AI27+$Y28,if($C28=AI$3,AI27+$AD28,AI27)) -> 1930.5408 | AJ28: =if($B28=AJ$3,AJ27+$Y28,if($C28=AJ$3,AJ27+$AD28,AJ27)) -> 1869.9451 | AK28: =if($B28=AK$3,AK27+$Y28,if($C28=AK$3,AK27+$AD28,AK27)) -> 2448.8225 | AL28: =if($B28=AL$3,AL27+$Y28,if($C28=AL$3,AL27+$AD28,AL27)) -> 1661.9331 | AM28: =if($B28=AM$3,AM27+$Y28,if($C28=AM$3,AM27+$AD28,AM27)) -> 1804.0721 | AN28: =if($B28=AN$3,AN27+$Y28,if($C28=AN$3,AN27+$AD28,AN27)) -> 2308.735 | AO28: =if($B28=AO$3,AO27+$Y28,if($C28=AO$3,AO27+$AD28,AO27)) -> 2286.3278 | AP28: =if($B28=AP$3,AP27+$Y28,if($C28=AP$3,AP27+$AD28,AP27)) -> 1646.0151 | ... ED28: =if($B28=ED$3,ED27+$Y28,if($C28=ED$3,ED27+$AD28,ED27)) -> #N/A | EE28: =sum(iferror(AI28:BH28,0))/count(AI28:BH28) -> 1654.1792
B29: Olli | C29: Jussa | D29: 4 | E29: Olli | F29: 46127 | H29: =if(countblank(B29:E29)<4,TRUE,FALSE) -> TRUE | I29: =if(iferror(match(B29,'Osallistujat ja seuranta'!C:C,0),0)>0,TRUE,FALSE) -> TRUE | J29: =if(iferror(match(C29,'Osallistujat ja seuranta'!C:C,0),0)>0,TRUE,FALSE) -> TRUE | K29: =not(B29=C29) -> TRUE | L29: =or(E29=B29,E29=C29) -> TRUE | M29: =countblank(B29:E29)=0 -> TRUE | N29: =if(and(I29:M29),1,if(H29,0,"")) -> 1 | O29: =if(N29=1,index(28:28,1,match(B29,$3:$3,0)),"") -> 2448.8225 | P29: =if(N29=1,index(28:28,1,match(C29,$3:$3,0)),"") -> 1930.5408 | Q29: =if(N29=1,O29-(P29+D29*100-if(D29>0,50,0))*N29,"") -> 168.28174 | R29: =if(N29=1,P29+D29*100-if(D29>0,50,0),"") -> 2280.5408 | S29: =if(E29=B29,1,0) -> 1 | T29: =-7*ln(3300-O29) -> -47.226344 | U29: =-7*ln(3300-R29) -> -48.489193 | V29: =if(N29=1,1/(1+exp(U29-T29)),"") -> 0.77951607 | W29: =power((3300-O29)/200,1.6) -> 10.148087 | X29: =ln(1+exp((2300-O29)/80))/5 -> 0.028928918 | Y29: =if(N29=1,(W29*(S29-V29))*'Säännöt ja ohjeet'!$B$54+X29,"") -> 4.5039091 | Z29: =-(S29-1) -> 0 | AA29: =1-V29 -> 0.22048393 | AB29: =power((3300-P29)/200,1.6) -> 21.718537 | AC29: =ln(1+exp((2300-P29)/80))/5 -> 0.92561235 | AD29: =if(N29=1,(AB29*(Z29-AA29))*'Säännöt ja ohjeet'!$B$54+AC29,"") -> -8.6515642 | AE29: =10*if($E29=B29,1,-1)+min(10,rounddown((P29-O29)/50,0)-2*$D29*sign(P29-O29))+1 -> 9 | AF29: =10*if($E29=C29,1,-1)+min(10,rounddown((O29-P29)/50,0)-2*$D29*sign(O29-P29))+1 -> -7 | AI29: =if($B29=AI$3,AI28+$Y29,if($C29=AI$3,AI28+$AD29,AI28)) -> 1921.8892 | AJ29: =if($B29=AJ$3,AJ28+$Y29,if($C29=AJ$3,AJ28+$AD29,AJ28)) -> 1869.9451 | AK29: =if($B29=AK$3,AK28+$Y29,if($C29=AK$3,AK28+$AD29,AK28)) -> 2453.3264 | AL29: =if($B29=AL$3,AL28+$Y29,if($C29=AL$3,AL28+$AD29,AL28)) -> 1661.9331 | AM29: =if($B29=AM$3,AM28+$Y29,if($C29=AM$3,AM28+$AD29,AM28)) -> 1804.0721 | AN29: =if($B29=AN$3,AN28+$Y29,if($C29=AN$3,AN28+$AD29,AN28)) -> 2308.735 | AO29: =if($B29=AO$3,AO28+$Y29,if($C29=AO$3,AO28+$AD29,AO28)) -> 2286.3278 | AP29: =if($B29=AP$3,AP28+$Y29,if($C29=AP$3,AP28+$AD29,AP28)) -> 1646.0151 | ... ED29: =if($B29=ED$3,ED28+$Y29,if($C29=ED$3,ED28+$AD29,ED28)) -> #N/A | EE29: =sum(iferror(AI29:BH29,0))/count(AI29:BH29) -> 1653.9817
B30: Janne L | C30: Ilia | D30: 0 | E30: Janne L | F30: 46127 | H30: =if(countblank(B30:E30)<4,TRUE,FALSE) -> TRUE | I30: =if(iferror(match(B30,'Osallistujat ja seuranta'!C:C,0),0)>0,TRUE,FALSE) -> TRUE | J30: =if(iferror(match(C30,'Osallistujat ja seuranta'!C:C,0),0)>0,TRUE,FALSE) -> TRUE | K30: =not(B30=C30) -> TRUE | L30: =or(E30=B30,E30=C30) -> TRUE | M30: =countblank(B30:E30)=0 -> TRUE | N30: =if(and(I30:M30),1,if(H30,0,"")) -> 1 | O30: =if(N30=1,index(29:29,1,match(B30,$3:$3,0)),"") -> 1058.2884 | P30: =if(N30=1,index(29:29,1,match(C30,$3:$3,0)),"") -> 866.55016 | Q30: =if(N30=1,O30-(P30+D30*100-if(D30>0,50,0))*N30,"") -> 191.73821 | R30: =if(N30=1,P30+D30*100-if(D30>0,50,0),"") -> 866.55016 | S30: =if(E30=B30,1,0) -> 1 | T30: =-7*ln(3300-O30) -> -54.004965 | U30: =-7*ln(3300-R30) -> -54.579457 | V30: =if(N30=1,1/(1+exp(U30-T30)),"") -> 0.63979897 | W30: =power((3300-O30)/200,1.6) -> 47.783681 | X30: =ln(1+exp((2300-O30)/80))/5 -> 3.1042791 | Y30: =if(N30=1,(W30*(S30-V30))*'Säännöt ja ohjeet'!$B$54+X30,"") -> 37.527741 | Z30: =-(S30-1) -> 0 | AA30: =1-V30 -> 0.36020103 | AB30: =power((3300-P30)/200,1.6) -> 54.488875 | AC30: =ln(1+exp((2300-P30)/80))/5 -> 3.5836246 | AD30: =if(N30=1,(AB30*(Z30-AA30))*'Säännöt ja ohjeet'!$B$54+AC30,"") -> -35.670274 | AE30: =10*if($E30=B30,1,-1)+min(10,rounddown((P30-O30)/50,0)-2*$D30*sign(P30-O30))+1 -> 8 | AF30: =10*if($E30=C30,1,-1)+min(10,rounddown((O30-P30)/50,0)-2*$D30*sign(O30-P30))+1 -> -6 | AI30: =if($B30=AI$3,AI29+$Y30,if($C30=AI$3,AI29+$AD30,AI29)) -> 1921.8892 | AJ30: =if($B30=AJ$3,AJ29+$Y30,if($C30=AJ$3,AJ29+$AD30,AJ29)) -> 1869.9451 | AK30: =if($B30=AK$3,AK29+$Y30,if($C30=AK$3,AK29+$AD30,AK29)) -> 2453.3264 | AL30: =if($B30=AL$3,AL29+$Y30,if($C30=AL$3,AL29+$AD30,AL29)) -> 1661.9331 | AM30: =if($B30=AM$3,AM29+$Y30,if($C30=AM$3,AM29+$AD30,AM29)) -> 1804.0721 | AN30: =if($B30=AN$3,AN29+$Y30,if($C30=AN$3,AN29+$AD30,AN29)) -> 2308.735 | AO30: =if($B30=AO$3,AO29+$Y30,if($C30=AO$3,AO29+$AD30,AO29)) -> 2286.3278 | AP30: =if($B30=AP$3,AP29+$Y30,if($C30=AP$3,AP29+$AD30,AP29)) -> 1646.0151 | ... ED30: =if($B30=ED$3,ED29+$Y30,if($C30=ED$3,ED29+$AD30,ED29)) -> #N/A | EE30: =sum(iferror(AI30:BH30,0))/count(AI30:BH30) -> 1654.0701
B31: Jussa | C31: Janne L | D31: 0 | E31: Jussa | F31: 46127 | H31: =if(countblank(B31:E31)<4,TRUE,FALSE) -> TRUE | I31: =if(iferror(match(B31,'Osallistujat ja seuranta'!C:C,0),0)>0,TRUE,FALSE) -> TRUE | J31: =if(iferror(match(C31,'Osallistujat ja seuranta'!C:C,0),0)>0,TRUE,FALSE) -> TRUE | K31: =not(B31=C31) -> TRUE | L31: =or(E31=B31,E31=C31) -> TRUE | M31: =countblank(B31:E31)=0 -> TRUE | N31: =if(and(I31:M31),1,if(H31,0,"")) -> 1 | O31: =if(N31=1,index(30:30,1,match(B31,$3:$3,0)),"") -> 1921.8892 | P31: =if(N31=1,index(30:30,1,match(C31,$3:$3,0)),"") -> 1095.8161 | Q31: =if(N31=1,O31-(P31+D31*100-if(D31>0,50,0))*N31,"") -> 826.07313 | R31: =if(N31=1,P31+D31*100-if(D31>0,50,0),"") -> 1095.8161 | S31: =if(E31=B31,1,0) -> 1 | T31: =-7*ln(3300-O31) -> -50.599282 | U31: =-7*ln(3300-R31) -> -53.886788 | V31: =if(N31=1,1/(1+exp(U31-T31)),"") -> 0.96399771 | W31: =power((3300-O31)/200,1.6) -> 21.938484 | X31: =ln(1+exp((2300-O31)/80))/5 -> 0.94704079 | Y31: =if(N31=1,(W31*(S31-V31))*'Säännöt ja ohjeet'!$B$54+X31,"") -> 2.526712 | Z31: =-(S31-1) -> 0 | AA31: =1-V31 -> 0.036002289 | AB31: =power((3300-P31)/200,1.6) -> 46.510234 | AC31: =ln(1+exp((2300-P31)/80))/5 -> 3.0104598 | AD31: =if(N31=1,(AB31*(Z31-AA31))*'Säännöt ja ohjeet'!$B$54+AC31,"") -> -0.33848997 | AE31: =10*if($E31=B31,1,-1)+min(10,rounddown((P31-O31)/50,0)-2*$D31*sign(P31-O31))+1 -> -5 | AF31: =10*if($E31=C31,1,-1)+min(10,rounddown((O31-P31)/50,0)-2*$D31*sign(O31-P31))+1 -> 1 | AI31: =if($B31=AI$3,AI30+$Y31,if($C31=AI$3,AI30+$AD31,AI30)) -> 1924.4159 | AJ31: =if($B31=AJ$3,AJ30+$Y31,if($C31=AJ$3,AJ30+$AD31,AJ30)) -> 1869.9451 | AK31: =if($B31=AK$3,AK30+$Y31,if($C31=AK$3,AK30+$AD31,AK30)) -> 2453.3264 | AL31: =if($B31=AL$3,AL30+$Y31,if($C31=AL$3,AL30+$AD31,AL30)) -> 1661.9331 | AM31: =if($B31=AM$3,AM30+$Y31,if($C31=AM$3,AM30+$AD31,AM30)) -> 1804.0721 | AN31: =if($B31=AN$3,AN30+$Y31,if($C31=AN$3,AN30+$AD31,AN30)) -> 2308.735 | AO31: =if($B31=AO$3,AO30+$Y31,if($C31=AO$3,AO30+$AD31,AO30)) -> 2286.3278 | AP31: =if($B31=AP$3,AP30+$Y31,if($C31=AP$3,AP30+$AD31,AP30)) -> 1646.0151 | ... ED31: =if($B31=ED$3,ED30+$Y31,if($C31=ED$3,ED30+$AD31,ED30)) -> #N/A | EE31: =sum(iferror(AI31:BH31,0))/count(AI31:BH31) -> 1654.1743
B32: Jussa | C32: Kulkija | D32: 3 | E32: Jussa | F32: 46127 | H32: =if(countblank(B32:E32)<4,TRUE,FALSE) -> TRUE | I32: =if(iferror(match(B32,'Osallistujat ja seuranta'!C:C,0),0)>0,TRUE,FALSE) -> TRUE | J32: =if(iferror(match(C32,'Osallistujat ja seuranta'!C:C,0),0)>0,TRUE,FALSE) -> TRUE | K32: =not(B32=C32) -> TRUE | L32: =or(E32=B32,E32=C32) -> TRUE | M32: =countblank(B32:E32)=0 -> TRUE | N32: =if(and(I32:M32),1,if(H32,0,"")) -> 1 | O32: =if(N32=1,index(31:31,1,match(B32,$3:$3,0)),"") -> 1924.4159 | P32: =if(N32=1,index(31:31,1,match(C32,$3:$3,0)),"") -> 1351.4138 | Q32: =if(N32=1,O32-(P32+D32*100-if(D32>0,50,0))*N32,"") -> 323.00215 | R32: =if(N32=1,P32+D32*100-if(D32>0,50,0),"") -> 1601.4138 | S32: =if(E32=B32,1,0) -> 1 | T32: =-7*ln(3300-O32) -> -50.586436 | U32: =-7*ln(3300-R32) -> -52.062861 | V32: =if(N32=1,1/(1+exp(U32-T32)),"") -> 0.81403199 | W32: =power((3300-O32)/200,1.6) -> 21.874162 | X32: =ln(1+exp((2300-O32)/80))/5 -> 0.94078036 | Y32: =if(N32=1,(W32*(S32-V32))*'Säännöt ja ohjeet'!$B$54+X32,"") -> 9.076569 | Z32: =-(S32-1) -> 0 | AA32: =1-V32 -> 0.18596801 | AB32: =power((3300-P32)/200,1.6) -> 38.185933 | AC32: =ln(1+exp((2300-P32)/80))/5 -> 2.3714669 | AD32: =if(N32=1,(AB32*(Z32-AA32))*'Säännöt ja ohjeet'!$B$54+AC32,"") -> -11.831257 | AE32: =10*if($E32=B32,1,-1)+min(10,rounddown((P32-O32)/50,0)-2*$D32*sign(P32-O32))+1 -> 6 | AF32: =10*if($E32=C32,1,-1)+min(10,rounddown((O32-P32)/50,0)-2*$D32*sign(O32-P32))+1 -> -4 | AI32: =if($B32=AI$3,AI31+$Y32,if($C32=AI$3,AI31+$AD32,AI31)) -> 1933.4925 | AJ32: =if($B32=AJ$3,AJ31+$Y32,if($C32=AJ$3,AJ31+$AD32,AJ31)) -> 1869.9451 | AK32: =if($B32=AK$3,AK31+$Y32,if($C32=AK$3,AK31+$AD32,AK31)) -> 2453.3264 | AL32: =if($B32=AL$3,AL31+$Y32,if($C32=AL$3,AL31+$AD32,AL31)) -> 1661.9331 | AM32: =if($B32=AM$3,AM31+$Y32,if($C32=AM$3,AM31+$AD32,AM31)) -> 1804.0721 | AN32: =if($B32=AN$3,AN31+$Y32,if($C32=AN$3,AN31+$AD32,AN31)) -> 2308.735 | AO32: =if($B32=AO$3,AO31+$Y32,if($C32=AO$3,AO31+$AD32,AO31)) -> 2286.3278 | AP32: =if($B32=AP$3,AP31+$Y32,if($C32=AP$3,AP31+$AD32,AP31)) -> 1646.0151 | ... ED32: =if($B32=ED$3,ED31+$Y32,if($C32=ED$3,ED31+$AD32,ED31)) -> #N/A | EE32: =sum(iferror(AI32:BH32,0))/count(AI32:BH32) -> 1654.0431
B33: Jussa | C33: Peitsa | D33: 7 | E33: Peitsa | F33: 46127 | H33: =if(countblank(B33:E33)<4,TRUE,FALSE) -> TRUE | I33: =if(iferror(match(B33,'Osallistujat ja seuranta'!C:C,0),0)>0,TRUE,FALSE) -> TRUE | J33: =if(iferror(match(C33,'Osallistujat ja seuranta'!C:C,0),0)>0,TRUE,FALSE) -> TRUE | K33: =not(B33=C33) -> TRUE | L33: =or(E33=B33,E33=C33) -> TRUE | M33: =countblank(B33:E33)=0 -> TRUE | N33: =if(and(I33:M33),1,if(H33,0,"")) -> 1 | O33: =if(N33=1,index(32:32,1,match(B33,$3:$3,0)),"") -> 1933.4925 | P33: =if(N33=1,index(32:32,1,match(C33,$3:$3,0)),"") -> 1869.9451 | Q33: =if(N33=1,O33-(P33+D33*100-if(D33>0,50,0))*N33,"") -> -586.45261 | R33: =if(N33=1,P33+D33*100-if(D33>0,50,0),"") -> 2519.9451 | S33: =if(E33=B33,1,0) -> 0 | T33: =-7*ln(3300-O33) -> -50.540094 | U33: =-7*ln(3300-R33) -> -46.61555 | V33: =if(N33=1,1/(1+exp(U33-T33)),"") -> 0.01936858 | W33: =power((3300-O33)/200,1.6) -> 21.643686 | X33: =ln(1+exp((2300-O33)/80))/5 -> 0.91830651 | Y33: =if(N33=1,(W33*(S33-V33))*'Säännöt ja ohjeet'!$B$54+X33,"") -> 0.079891587 | Z33: =-(S33-1) -> 1 | AA33: =1-V33 -> 0.98063142 | AB33: =power((3300-P33)/200,1.6) -> 23.276428 | AC33: =ln(1+exp((2300-P33)/80))/5 -> 1.0760606 | AD33: =if(N33=1,(AB33*(Z33-AA33))*'Säännöt ja ohjeet'!$B$54+AC33,"") -> 1.9777233 | AE33: =10*if($E33=B33,1,-1)+min(10,rounddown((P33-O33)/50,0)-2*$D33*sign(P33-O33))+1 -> 1 | AF33: =10*if($E33=C33,1,-1)+min(10,rounddown((O33-P33)/50,0)-2*$D33*sign(O33-P33))+1 -> -2 | AI33: =if($B33=AI$3,AI32+$Y33,if($C33=AI$3,AI32+$AD33,AI32)) -> 1933.5724 | AJ33: =if($B33=AJ$3,AJ32+$Y33,if($C33=AJ$3,AJ32+$AD33,AJ32)) -> 1871.9229 | AK33: =if($B33=AK$3,AK32+$Y33,if($C33=AK$3,AK32+$AD33,AK32)) -> 2453.3264 | AL33: =if($B33=AL$3,AL32+$Y33,if($C33=AL$3,AL32+$AD33,AL32)) -> 1661.9331 | AM33: =if($B33=AM$3,AM32+$Y33,if($C33=AM$3,AM32+$AD33,AM32)) -> 1804.0721 | AN33: =if($B33=AN$3,AN32+$Y33,if($C33=AN$3,AN32+$AD33,AN32)) -> 2308.735 | AO33: =if($B33=AO$3,AO32+$Y33,if($C33=AO$3,AO32+$AD33,AO32)) -> 2286.3278 | AP33: =if($B33=AP$3,AP32+$Y33,if($C33=AP$3,AP32+$AD33,AP32)) -> 1646.0151 | ... ED33: =if($B33=ED$3,ED32+$Y33,if($C33=ED$3,ED32+$AD33,ED32)) -> #N/A | EE33: =sum(iferror(AI33:BH33,0))/count(AI33:BH33) -> 1654.1411
B34: Jussa | C34: Janne L | D34: 1 | E34: Jussa | F34: 46127 | H34: =if(countblank(B34:E34)<4,TRUE,FALSE) -> TRUE | I34: =if(iferror(match(B34,'Osallistujat ja seuranta'!C:C,0),0)>0,TRUE,FALSE) -> TRUE | J34: =if(iferror(match(C34,'Osallistujat ja seuranta'!C:C,0),0)>0,TRUE,FALSE) -> TRUE | K34: =not(B34=C34) -> TRUE | L34: =or(E34=B34,E34=C34) -> TRUE | M34: =countblank(B34:E34)=0 -> TRUE | N34: =if(and(I34:M34),1,if(H34,0,"")) -> 1 | O34: =if(N34=1,index(33:33,1,match(B34,$3:$3,0)),"") -> 1933.5724 | P34: =if(N34=1,index(33:33,1,match(C34,$3:$3,0)),"") -> 1095.4776 | Q34: =if(N34=1,O34-(P34+D34*100-if(D34>0,50,0))*N34,"") -> 788.09479 | R34: =if(N34=1,P34+D34*100-if(D34>0,50,0),"") -> 1145.4776 | S34: =if(E34=B34,1,0) -> 1 | T34: =-7*ln(3300-O34) -> -50.539685 | U34: =-7*ln(3300-R34) -> -53.72727 | V34: =if(N34=1,1/(1+exp(U34-T34)),"") -> 0.96036441 | W34: =power((3300-O34)/200,1.6) -> 21.641662 | X34: =ln(1+exp((2300-O34)/80))/5 -> 0.91810881 | Y34: =if(N34=1,(W34*(S34-V34))*'Säännöt ja ohjeet'!$B$54+X34,"") -> 2.633669 | Z34: =-(S34-1) -> 0 | AA34: =1-V34 -> 0.039635592 | AB34: =power((3300-P34)/200,1.6) -> 46.521662 | AC34: =ln(1+exp((2300-P34)/80))/5 -> 3.011306 | AD34: =if(N34=1,(AB34*(Z34-AA34))*'Säännöt ja ohjeet'!$B$54+AC34,"") -> -0.67652126 | AE34: =10*if($E34=B34,1,-1)+min(10,rounddown((P34-O34)/50,0)-2*$D34*sign(P34-O34))+1 -> -3 | AF34: =10*if($E34=C34,1,-1)+min(10,rounddown((O34-P34)/50,0)-2*$D34*sign(O34-P34))+1 -> 1 | AI34: =if($B34=AI$3,AI33+$Y34,if($C34=AI$3,AI33+$AD34,AI33)) -> 1936.2061 | AJ34: =if($B34=AJ$3,AJ33+$Y34,if($C34=AJ$3,AJ33+$AD34,AJ33)) -> 1871.9229 | AK34: =if($B34=AK$3,AK33+$Y34,if($C34=AK$3,AK33+$AD34,AK33)) -> 2453.3264 | AL34: =if($B34=AL$3,AL33+$Y34,if($C34=AL$3,AL33+$AD34,AL33)) -> 1661.9331 | AM34: =if($B34=AM$3,AM33+$Y34,if($C34=AM$3,AM33+$AD34,AM33)) -> 1804.0721 | AN34: =if($B34=AN$3,AN33+$Y34,if($C34=AN$3,AN33+$AD34,AN33)) -> 2308.735 | AO34: =if($B34=AO$3,AO33+$Y34,if($C34=AO$3,AO33+$AD34,AO33)) -> 2286.3278 | AP34: =if($B34=AP$3,AP33+$Y34,if($C34=AP$3,AP33+$AD34,AP33)) -> 1646.0151 | ... ED34: =if($B34=ED$3,ED33+$Y34,if($C34=ED$3,ED33+$AD34,ED33)) -> #N/A | EE34: =sum(iferror(AI34:BH34,0))/count(AI34:BH34) -> 1654.2343
B35: Olli | C35: Lauri | D35: 5 | E35: Olli | F35: 46131 | H35: =if(countblank(B35:E35)<4,TRUE,FALSE) -> TRUE | I35: =if(iferror(match(B35,'Osallistujat ja seuranta'!C:C,0),0)>0,TRUE,FALSE) -> TRUE | J35: =if(iferror(match(C35,'Osallistujat ja seuranta'!C:C,0),0)>0,TRUE,FALSE) -> TRUE | K35: =not(B35=C35) -> TRUE | L35: =or(E35=B35,E35=C35) -> TRUE | M35: =countblank(B35:E35)=0 -> TRUE | N35: =if(and(I35:M35),1,if(H35,0,"")) -> 1 | O35: =if(N35=1,index(34:34,1,match(B35,$3:$3,0)),"") -> 2453.3264 | P35: =if(N35=1,index(34:34,1,match(C35,$3:$3,0)),"") -> 1661.9331 | Q35: =if(N35=1,O35-(P35+D35*100-if(D35>0,50,0))*N35,"") -> 341.39333 | R35: =if(N35=1,P35+D35*100-if(D35>0,50,0),"") -> 2111.9331 | S35: =if(E35=B35,1,0) -> 1 | T35: =-7*ln(3300-O35) -> -47.189206 | U35: =-7*ln(3300-R35) -> -49.56058 | V35: =if(N35=1,1/(1+exp(U35-T35)),"") -> 0.91461815 | W35: =power((3300-O35)/200,1.6) -> 10.062308 | X35: =ln(1+exp((2300-O35)/80))/5 -> 0.027448995 | Y35: =if(N35=1,(W35*(S35-V35))*'Säännöt ja ohjeet'!$B$54+X35,"") -> 1.7457258 | Z35: =-(S35-1) -> 0 | AA35: =1-V35 -> 0.085381847 | AB35: =power((3300-P35)/200,1.6) -> 28.925616 | AC35: =ln(1+exp((2300-P35)/80))/5 -> 1.5952359 | AD35: =if(N35=1,(AB35*(Z35-AA35))*'Säännöt ja ohjeet'!$B$54+AC35,"") -> -3.3442091 | AE35: =10*if($E35=B35,1,-1)+min(10,rounddown((P35-O35)/50,0)-2*$D35*sign(P35-O35))+1 -> 6 | AF35: =10*if($E35=C35,1,-1)+min(10,rounddown((O35-P35)/50,0)-2*$D35*sign(O35-P35))+1 -> -4 | AI35: =if($B35=AI$3,AI34+$Y35,if($C35=AI$3,AI34+$AD35,AI34)) -> 1936.2061 | AJ35: =if($B35=AJ$3,AJ34+$Y35,if($C35=AJ$3,AJ34+$AD35,AJ34)) -> 1871.9229 | AK35: =if($B35=AK$3,AK34+$Y35,if($C35=AK$3,AK34+$AD35,AK34)) -> 2455.0722 | AL35: =if($B35=AL$3,AL34+$Y35,if($C35=AL$3,AL34+$AD35,AL34)) -> 1658.5889 | AM35: =if($B35=AM$3,AM34+$Y35,if($C35=AM$3,AM34+$AD35,AM34)) -> 1804.0721 | AN35: =if($B35=AN$3,AN34+$Y35,if($C35=AN$3,AN34+$AD35,AN34)) -> 2308.735 | AO35: =if($B35=AO$3,AO34+$Y35,if($C35=AO$3,AO34+$AD35,AO34)) -> 2286.3278 | AP35: =if($B35=AP$3,AP34+$Y35,if($C35=AP$3,AP34+$AD35,AP34)) -> 1646.0151 | ... ED35: =if($B35=ED$3,ED34+$Y35,if($C35=ED$3,ED34+$AD35,ED34)) -> #N/A | EE35: =sum(iferror(AI35:BH35,0))/count(AI35:BH35) -> 1654.1582
B36: Janne L | C36: Dani | D36: 0 | E36: Dani | F36: 46131 | H36: =if(countblank(B36:E36)<4,TRUE,FALSE) -> TRUE | I36: =if(iferror(match(B36,'Osallistujat ja seuranta'!C:C,0),0)>0,TRUE,FALSE) -> TRUE | J36: =if(iferror(match(C36,'Osallistujat ja seuranta'!C:C,0),0)>0,TRUE,FALSE) -> TRUE | K36: =not(B36=C36) -> TRUE | L36: =or(E36=B36,E36=C36) -> TRUE | M36: =countblank(B36:E36)=0 -> TRUE | N36: =if(and(I36:M36),1,if(H36,0,"")) -> 1 | O36: =if(N36=1,index(35:35,1,match(B36,$3:$3,0)),"") -> 1094.8011 | P36: =if(N36=1,index(35:35,1,match(C36,$3:$3,0)),"") -> 1840.2824 | Q36: =if(N36=1,O36-(P36+D36*100-if(D36>0,50,0))*N36,"") -> -745.48129 | R36: =if(N36=1,P36+D36*100-if(D36>0,50,0),"") -> 1840.2824 | S36: =if(E36=B36,1,0) -> 0 | T36: =-7*ln(3300-O36) -> -53.890011 | U36: =-7*ln(3300-R36) -> -51.001988 | V36: =if(N36=1,1/(1+exp(U36-T36)),"") -> 0.052748816 | W36: =power((3300-O36)/200,1.6) -> 46.544507 | X36: =ln(1+exp((2300-O36)/80))/5 -> 3.0129973 | Y36: =if(N36=1,(W36*(S36-V36))*'Säännöt ja ohjeet'!$B$54+X36,"") -> -1.897338 | Z36: =-(S36-1) -> 1 | AA36: =1-V36 -> 0.94725118 | AB36: =power((3300-P36)/200,1.6) -> 24.053715 | AC36: =ln(1+exp((2300-P36)/80))/5 -> 1.1499318 | AD36: =if(N36=1,(AB36*(Z36-AA36))*'Säännöt ja ohjeet'!$B$54+AC36,"") -> 3.6875418 | AE36: =10*if($E36=B36,1,-1)+min(10,rounddown((P36-O36)/50,0)-2*$D36*sign(P36-O36))+1 -> 1 | AF36: =10*if($E36=C36,1,-1)+min(10,rounddown((O36-P36)/50,0)-2*$D36*sign(O36-P36))+1 -> -3 | AI36: =if($B36=AI$3,AI35+$Y36,if($C36=AI$3,AI35+$AD36,AI35)) -> 1936.2061 | AJ36: =if($B36=AJ$3,AJ35+$Y36,if($C36=AJ$3,AJ35+$AD36,AJ35)) -> 1871.9229 | AK36: =if($B36=AK$3,AK35+$Y36,if($C36=AK$3,AK35+$AD36,AK35)) -> 2455.0722 | AL36: =if($B36=AL$3,AL35+$Y36,if($C36=AL$3,AL35+$AD36,AL35)) -> 1658.5889 | AM36: =if($B36=AM$3,AM35+$Y36,if($C36=AM$3,AM35+$AD36,AM35)) -> 1804.0721 | AN36: =if($B36=AN$3,AN35+$Y36,if($C36=AN$3,AN35+$AD36,AN35)) -> 2308.735 | AO36: =if($B36=AO$3,AO35+$Y36,if($C36=AO$3,AO35+$AD36,AO35)) -> 2286.3278 | AP36: =if($B36=AP$3,AP35+$Y36,if($C36=AP$3,AP35+$AD36,AP35)) -> 1646.0151 | ... ED36: =if($B36=ED$3,ED35+$Y36,if($C36=ED$3,ED35+$AD36,ED35)) -> #N/A | EE36: =sum(iferror(AI36:BH36,0))/count(AI36:BH36) -> 1654.2434
B37: Olli | C37: Jussa | D37: 4 | E37: Jussa | F37: 46134 | H37: =if(countblank(B37:E37)<4,TRUE,FALSE) -> TRUE | I37: =if(iferror(match(B37,'Osallistujat ja seuranta'!C:C,0),0)>0,TRUE,FALSE) -> TRUE | J37: =if(iferror(match(C37,'Osallistujat ja seuranta'!C:C,0),0)>0,TRUE,FALSE) -> TRUE | K37: =not(B37=C37) -> TRUE | L37: =or(E37=B37,E37=C37) -> TRUE | M37: =countblank(B37:E37)=0 -> TRUE | N37: =if(and(I37:M37),1,if(H37,0,"")) -> 1 | O37: =if(N37=1,index(36:36,1,match(B37,$3:$3,0)),"") -> 2455.0722 | P37: =if(N37=1,index(36:36,1,match(C37,$3:$3,0)),"") -> 1936.2061 | Q37: =if(N37=1,O37-(P37+D37*100-if(D37>0,50,0))*N37,"") -> 168.8661 | R37: =if(N37=1,P37+D37*100-if(D37>0,50,0),"") -> 2286.2061 | S37: =if(E37=B37,1,0) -> 0 | T37: =-7*ln(3300-O37) -> -47.174758 | U37: =-7*ln(3300-R37) -> -48.450185 | V37: =if(N37=1,1/(1+exp(U37-T37)),"") -> 0.78167018 | W37: =power((3300-O37)/200,1.6) -> 10.029133 | X37: =ln(1+exp((2300-O37)/80))/5 -> 0.026894595 | Y37: =if(N37=1,(W37*(S37-V37))*'Säännöt ja ohjeet'!$B$54+X37,"") -> -15.652054 | Z37: =-(S37-1) -> 1 | AA37: =1-V37 -> 0.21832982 | AB37: =power((3300-P37)/200,1.6) -> 21.57496 | AC37: =ln(1+exp((2300-P37)/80))/5 -> 0.91159255 | AD37: =if(N37=1,(AB37*(Z37-AA37))*'Säännöt ja ohjeet'!$B$54+AC37,"") -> 34.640599 | AE37: =10*if($E37=B37,1,-1)+min(10,rounddown((P37-O37)/50,0)-2*$D37*sign(P37-O37))+1 -> -11 | AF37: =10*if($E37=C37,1,-1)+min(10,rounddown((O37-P37)/50,0)-2*$D37*sign(O37-P37))+1 -> 13 | AI37: =if($B37=AI$3,AI36+$Y37,if($C37=AI$3,AI36+$AD37,AI36)) -> 1970.8467 | AJ37: =if($B37=AJ$3,AJ36+$Y37,if($C37=AJ$3,AJ36+$AD37,AJ36)) -> 1871.9229 | AK37: =if($B37=AK$3,AK36+$Y37,if($C37=AK$3,AK36+$AD37,AK36)) -> 2439.4201 | AL37: =if($B37=AL$3,AL36+$Y37,if($C37=AL$3,AL36+$AD37,AL36)) -> 1658.5889 | AM37: =if($B37=AM$3,AM36+$Y37,if($C37=AM$3,AM36+$AD37,AM36)) -> 1804.0721 | AN37: =if($B37=AN$3,AN36+$Y37,if($C37=AN$3,AN36+$AD37,AN36)) -> 2308.735 | AO37: =if($B37=AO$3,AO36+$Y37,if($C37=AO$3,AO36+$AD37,AO36)) -> 2286.3278 | AP37: =if($B37=AP$3,AP36+$Y37,if($C37=AP$3,AP36+$AD37,AP36)) -> 1646.0151 | ... ED37: =if($B37=ED$3,ED36+$Y37,if($C37=ED$3,ED36+$AD37,ED36)) -> #N/A | EE37: =sum(iferror(AI37:BH37,0))/count(AI37:BH37) -> 1655.1477
B38: Janne L | C38: Olli | D38: 9 | E38: Olli | F38: 46134 | H38: =if(countblank(B38:E38)<4,TRUE,FALSE) -> TRUE | I38: =if(iferror(match(B38,'Osallistujat ja seuranta'!C:C,0),0)>0,TRUE,FALSE) -> TRUE | J38: =if(iferror(match(C38,'Osallistujat ja seuranta'!C:C,0),0)>0,TRUE,FALSE) -> TRUE | K38: =not(B38=C38) -> TRUE | L38: =or(E38=B38,E38=C38) -> TRUE | M38: =countblank(B38:E38)=0 -> TRUE | N38: =if(and(I38:M38),1,if(H38,0,"")) -> 1 | O38: =if(N38=1,index(37:37,1,match(B38,$3:$3,0)),"") -> 1092.9038 | P38: =if(N38=1,index(37:37,1,match(C38,$3:$3,0)),"") -> 2439.4201 | Q38: =if(N38=1,O38-(P38+D38*100-if(D38>0,50,0))*N38,"") -> -2196.5164 | R38: =if(N38=1,P38+D38*100-if(D38>0,50,0),"") -> 3289.4201 | S38: =if(E38=B38,1,0) -> 0 | T38: =-7*ln(3300-O38) -> -53.896031 | U38: =-7*ln(3300-R38) -> -16.512678 | V38: =if(N38=1,1/(1+exp(U38-T38)),"") -> 0 | W38: =power((3300-O38)/200,1.6) -> 46.608598 | X38: =ln(1+exp((2300-O38)/80))/5 -> 3.0177406 | Y38: =if(N38=1,(W38*(S38-V38))*'Säännöt ja ohjeet'!$B$54+X38,"") -> 3.0177406 | Z38: =-(S38-1) -> 1 | AA38: =1-V38 -> 1 | AB38: =power((3300-P38)/200,1.6) -> 10.32804 | AC38: =ln(1+exp((2300-P38)/80))/5 -> 0.032260117 | AD38: =if(N38=1,(AB38*(Z38-AA38))*'Säännöt ja ohjeet'!$B$54+AC38,"") -> 0.032260117 | AE38: =10*if($E38=B38,1,-1)+min(10,rounddown((P38-O38)/50,0)-2*$D38*sign(P38-O38))+1 -> -1 | AF38: =10*if($E38=C38,1,-1)+min(10,rounddown((O38-P38)/50,0)-2*$D38*sign(O38-P38))+1 -> 3 | AI38: =if($B38=AI$3,AI37+$Y38,if($C38=AI$3,AI37+$AD38,AI37)) -> 1970.8467 | AJ38: =if($B38=AJ$3,AJ37+$Y38,if($C38=AJ$3,AJ37+$AD38,AJ37)) -> 1871.9229 | AK38: =if($B38=AK$3,AK37+$Y38,if($C38=AK$3,AK37+$AD38,AK37)) -> 2439.4524 | AL38: =if($B38=AL$3,AL37+$Y38,if($C38=AL$3,AL37+$AD38,AL37)) -> 1658.5889 | AM38: =if($B38=AM$3,AM37+$Y38,if($C38=AM$3,AM37+$AD38,AM37)) -> 1804.0721 | AN38: =if($B38=AN$3,AN37+$Y38,if($C38=AN$3,AN37+$AD38,AN37)) -> 2308.735 | AO38: =if($B38=AO$3,AO37+$Y38,if($C38=AO$3,AO37+$AD38,AO37)) -> 2286.3278 | AP38: =if($B38=AP$3,AP37+$Y38,if($C38=AP$3,AP37+$AD38,AP37)) -> 1646.0151 | ... ED38: =if($B38=ED$3,ED37+$Y38,if($C38=ED$3,ED37+$AD38,ED37)) -> #N/A | EE38: =sum(iferror(AI38:BH38,0))/count(AI38:BH38) -> 1655.2929
B39: Juuso | C39: Jussa | D39: 4 | E39: Juuso | F39: 46138 | H39: =if(countblank(B39:E39)<4,TRUE,FALSE) -> TRUE | I39: =if(iferror(match(B39,'Osallistujat ja seuranta'!C:C,0),0)>0,TRUE,FALSE) -> TRUE | J39: =if(iferror(match(C39,'Osallistujat ja seuranta'!C:C,0),0)>0,TRUE,FALSE) -> TRUE | K39: =not(B39=C39) -> TRUE | L39: =or(E39=B39,E39=C39) -> TRUE | M39: =countblank(B39:E39)=0 -> TRUE | N39: =if(and(I39:M39),1,if(H39,0,"")) -> 1 | O39: =if(N39=1,index(38:38,1,match(B39,$3:$3,0)),"") -> 2190 | P39: =if(N39=1,index(38:38,1,match(C39,$3:$3,0)),"") -> 1970.8467 | Q39: =if(N39=1,O39-(P39+D39*100-if(D39>0,50,0))*N39,"") -> -130.84668 | R39: =if(N39=1,P39+D39*100-if(D39>0,50,0),"") -> 2320.8467 | S39: =if(E39=B39,1,0) -> 1 | T39: =-7*ln(3300-O39) -> -49.084807 | U39: =-7*ln(3300-R39) -> -48.206818 | V39: =if(N39=1,1/(1+exp(U39-T39)),"") -> 0.2935946 | W39: =power((3300-O39)/200,1.6) -> 15.51918 | X39: =ln(1+exp((2300-O39)/80))/5 -> 0.32008253 | Y39: =if(N39=1,(W39*(S39-V39))*'Säännöt ja ohjeet'!$B$54+X39,"") -> 22.245748 | Z39: =-(S39-1) -> 0 | AA39: =1-V39 -> 0.7064054 | AB39: =power((3300-P39)/200,1.6) -> 20.704852 | AC39: =ln(1+exp((2300-P39)/80))/5 -> 0.826124 | AD39: =if(N39=1,(AB39*(Z39-AA39))*'Säännöt ja ohjeet'!$B$54+AC39,"") -> -28.425915 | AE39: =10*if($E39=B39,1,-1)+min(10,rounddown((P39-O39)/50,0)-2*$D39*sign(P39-O39))+1 -> 15 | AF39: =10*if($E39=C39,1,-1)+min(10,rounddown((O39-P39)/50,0)-2*$D39*sign(O39-P39))+1 -> -13 | AI39: =if($B39=AI$3,AI38+$Y39,if($C39=AI$3,AI38+$AD39,AI38)) -> 1942.4208 | AJ39: =if($B39=AJ$3,AJ38+$Y39,if($C39=AJ$3,AJ38+$AD39,AJ38)) -> 1871.9229 | AK39: =if($B39=AK$3,AK38+$Y39,if($C39=AK$3,AK38+$AD39,AK38)) -> 2439.4524 | AL39: =if($B39=AL$3,AL38+$Y39,if($C39=AL$3,AL38+$AD39,AL38)) -> 1658.5889 | AM39: =if($B39=AM$3,AM38+$Y39,if($C39=AM$3,AM38+$AD39,AM38)) -> 1804.0721 | AN39: =if($B39=AN$3,AN38+$Y39,if($C39=AN$3,AN38+$AD39,AN38)) -> 2308.735 | AO39: =if($B39=AO$3,AO38+$Y39,if($C39=AO$3,AO38+$AD39,AO38)) -> 2286.3278 | AP39: =if($B39=AP$3,AP38+$Y39,if($C39=AP$3,AP38+$AD39,AP38)) -> 1646.0151 | ... ED39: =if($B39=ED$3,ED38+$Y39,if($C39=ED$3,ED38+$AD39,ED38)) -> #N/A | EE39: =sum(iferror(AI39:BH39,0))/count(AI39:BH39) -> 1654.9986
B40: Jussa | C40: Peitsa | D40: 0 | E40: Peitsa | F40: 46141 | H40: =if(countblank(B40:E40)<4,TRUE,FALSE) -> TRUE | I40: =if(iferror(match(B40,'Osallistujat ja seuranta'!C:C,0),0)>0,TRUE,FALSE) -> TRUE | J40: =if(iferror(match(C40,'Osallistujat ja seuranta'!C:C,0),0)>0,TRUE,FALSE) -> TRUE | K40: =not(B40=C40) -> TRUE | L40: =or(E40=B40,E40=C40) -> TRUE | M40: =countblank(B40:E40)=0 -> TRUE | N40: =if(and(I40:M40),1,if(H40,0,"")) -> 1 | O40: =if(N40=1,index(39:39,1,match(B40,$3:$3,0)),"") -> 1942.4208 | P40: =if(N40=1,index(39:39,1,match(C40,$3:$3,0)),"") -> 1871.9229 | Q40: =if(N40=1,O40-(P40+D40*100-if(D40>0,50,0))*N40,"") -> 70.49791 | R40: =if(N40=1,P40+D40*100-if(D40>0,50,0),"") -> 1871.9229 | S40: =if(E40=B40,1,0) -> 0 | T40: =-7*ln(3300-O40) -> -50.494209 | U40: =-7*ln(3300-R40) -> -50.848589 | V40: =if(N40=1,1/(1+exp(U40-T40)),"") -> 0.58767937 | W40: =power((3300-O40)/200,1.6) -> 21.417871 | X40: =ln(1+exp((2300-O40)/80))/5 -> 0.89622514 | Y40: =if(N40=1,(W40*(S40-V40))*'Säännöt ja ohjeet'!$B$54+X40,"") -> -24.277457 | Z40: =-(S40-1) -> 1 | AA40: =1-V40 -> 0.41232063 | AB40: =power((3300-P40)/200,1.6) -> 23.224944 | AC40: =ln(1+exp((2300-P40)/80))/5 -> 1.0711393 | AD40: =if(N40=1,(AB40*(Z40-AA40))*'Säännöt ja ohjeet'!$B$54+AC40,"") -> 28.36878 | AE40: =10*if($E40=B40,1,-1)+min(10,rounddown((P40-O40)/50,0)-2*$D40*sign(P40-O40))+1 -> -10 | AF40: =10*if($E40=C40,1,-1)+min(10,rounddown((O40-P40)/50,0)-2*$D40*sign(O40-P40))+1 -> 12 | AI40: =if($B40=AI$3,AI39+$Y40,if($C40=AI$3,AI39+$AD40,AI39)) -> 1918.1433 | AJ40: =if($B40=AJ$3,AJ39+$Y40,if($C40=AJ$3,AJ39+$AD40,AJ39)) -> 1900.2916 | AK40: =if($B40=AK$3,AK39+$Y40,if($C40=AK$3,AK39+$AD40,AK39)) -> 2439.4524 | AL40: =if($B40=AL$3,AL39+$Y40,if($C40=AL$3,AL39+$AD40,AL39)) -> 1658.5889 | AM40: =if($B40=AM$3,AM39+$Y40,if($C40=AM$3,AM39+$AD40,AM39)) -> 1804.0721 | AN40: =if($B40=AN$3,AN39+$Y40,if($C40=AN$3,AN39+$AD40,AN39)) -> 2308.735 | AO40: =if($B40=AO$3,AO39+$Y40,if($C40=AO$3,AO39+$AD40,AO39)) -> 2286.3278 | AP40: =if($B40=AP$3,AP39+$Y40,if($C40=AP$3,AP39+$AD40,AP39)) -> 1646.0151 | ... ED40: =if($B40=ED$3,ED39+$Y40,if($C40=ED$3,ED39+$AD40,ED39)) -> #N/A | EE40: =sum(iferror(AI40:BH40,0))/count(AI40:BH40) -> 1655.1934
B41: Olli | C41: Peitsa | D41: 5 | E41: Peitsa | F41: 46141 | H41: =if(countblank(B41:E41)<4,TRUE,FALSE) -> TRUE | I41: =if(iferror(match(B41,'Osallistujat ja seuranta'!C:C,0),0)>0,TRUE,FALSE) -> TRUE | J41: =if(iferror(match(C41,'Osallistujat ja seuranta'!C:C,0),0)>0,TRUE,FALSE) -> TRUE | K41: =not(B41=C41) -> TRUE | L41: =or(E41=B41,E41=C41) -> TRUE | M41: =countblank(B41:E41)=0 -> TRUE | N41: =if(and(I41:M41),1,if(H41,0,"")) -> 1 | O41: =if(N41=1,index(40:40,1,match(B41,$3:$3,0)),"") -> 2439.4524 | P41: =if(N41=1,index(40:40,1,match(C41,$3:$3,0)),"") -> 1900.2916 | Q41: =if(N41=1,O41-(P41+D41*100-if(D41>0,50,0))*N41,"") -> 89.160749 | R41: =if(N41=1,P41+D41*100-if(D41>0,50,0),"") -> 2350.2916 | S41: =if(E41=B41,1,0) -> 0 | T41: =-7*ln(3300-O41) -> -47.302983 | U41: =-7*ln(3300-R41) -> -47.993085 | V41: =if(N41=1,1/(1+exp(U41-T41)),"") -> 0.66598962 | W41: =power((3300-O41)/200,1.6) -> 10.32742 | X41: =ln(1+exp((2300-O41)/80))/5 -> 0.032248105 | Y41: =if(N41=1,(W41*(S41-V41))*'Säännöt ja ohjeet'!$B$54+X41,"") -> -13.723662 | Z41: =-(S41-1) -> 1 | AA41: =1-V41 -> 0.33401038 | AB41: =power((3300-P41)/200,1.6) -> 22.491173 | AC41: =ln(1+exp((2300-P41)/80))/5 -> 1.0006189 | AD41: =if(N41=1,(AB41*(Z41-AA41))*'Säännöt ja ohjeet'!$B$54+AC41,"") -> 30.958394 | AE41: =10*if($E41=B41,1,-1)+min(10,rounddown((P41-O41)/50,0)-2*$D41*sign(P41-O41))+1 -> -9 | AF41: =10*if($E41=C41,1,-1)+min(10,rounddown((O41-P41)/50,0)-2*$D41*sign(O41-P41))+1 -> 11 | AI41: =IF($B41=AI$3,AI40+$Y41,IF($C41=AI$3,AI40+$AD41,AI40)) -> 1918.1433 | AJ41: =IF($B41=AJ$3,AJ40+$Y41,IF($C41=AJ$3,AJ40+$AD41,AJ40)) -> 1931.25 | AK41: =if($B41=AK$3,AK40+$Y41,if($C41=AK$3,AK40+$AD41,AK40)) -> 2425.7287 | AL41: =if($B41=AL$3,AL40+$Y41,if($C41=AL$3,AL40+$AD41,AL40)) -> 1658.5889 | AM41: =if($B41=AM$3,AM40+$Y41,if($C41=AM$3,AM40+$AD41,AM40)) -> 1804.0721 | AN41: =if($B41=AN$3,AN40+$Y41,if($C41=AN$3,AN40+$AD41,AN40)) -> 2308.735 | AO41: =if($B41=AO$3,AO46+$Y41,if($C41=AO$3,AO46+$AD41,AO46)) -> 2286.3278 | AP41: =if($B41=AP$3,AP46+$Y41,if($C41=AP$3,AP46+$AD41,AP46)) -> 1638.049 | AQ41: =if($B41=AQ$3,AQ46+$Y41,if($C41=AQ$3,AQ46+$AD41,AQ46)) -> 880.30448 | AR41: =if($B41=AR$3,AR46+$Y41,if($C41=AR$3,AR46+$AD41,AR46)) -> 830.87989 | AS41: =if($B41=AS$3,AS46+$Y41,if($C41=AS$3,AS46+$AD41,AS46)) -> 2178.7713 | AT41: =if($B41=AT$3,AT46+$Y41,if($C41=AT$3,AT46+$AD41,AT46)) -> 811.64906 | AU41: =if($B41=AU$3,AU40+$Y41,if($C41=AU$3,AU40+$AD41,AU40)) -> 1095.9215 | AV41: =if($B41=AV$3,AV46+$Y41,if($C41=AV$3,AV46+$AD41,AV46)) -> 1339.5825 | AW41: =if($B41=AW$3,AW46+$Y41,if($C41=AW$3,AW46+$AD41,AW46)) -> 1186.881 | AX41: =if($B41=AX$3,AX46+$Y41,if($C41=AX$3,AX46+$AD41,AX46)) -> 1164.9975 | AY41: =if($B41=AY$3,AY46+$Y41,if($C41=AY$3,AY46+$AD41,AY46)) -> 1367.7049 | AZ41: =if($B41=AZ$3,AZ46+$Y41,if($C41=AZ$3,AZ46+$AD41,AZ46)) -> 1732.551 | BA41: =if($B41=BA$3,BA46+$Y41,if($C41=BA$3,BA46+$AD41,BA46)) -> 1843.9699 | BB41: =if($B41=BB$3,BB46+$Y41,if($C41=BB$3,BB46+$AD41,BB46)) -> 2151.9767 | BC41: =if($B41=BC$3,BC46+$Y41,if($C41=BC$3,BC46+$AD41,BC46)) -> 2212.2457 | ... BH41: =if($B41=BH$3,BH46+$Y41,if($C41=BH$3,BH46+$AD41,BH46)) -> #N/A | BI41: =if($B41=BI$3,BI40+$Y41,if($C41=BI$3,BI40+$AD41,BI40)) -> #N/A | BJ41: =if($B41=BJ$3,BJ40+$Y41,if($C41=BJ$3,BJ40+$AD41,BJ40)) -> #N/A | BK41: =if($B41=BK$3,BK40+$Y41,if($C41=BK$3,BK40+$AD41,BK40)) -> #N/A | BL41: =if($B41=BL$3,BL40+$Y41,if($C41=BL$3,BL40+$AD41,BL40)) -> #N/A | BM41: =if($B41=BM$3,BM40+$Y41,if($C41=BM$3,BM40+$AD41,BM40)) -> #N/A | BN41: =if($B41=BN$3,BN40+$Y41,if($C41=BN$3,BN40+$AD41,BN40)) -> #N/A | BO41: =if($B41=BO$3,BO40+$Y41,if($C41=BO$3,BO40+$AD41,BO40)) -> #N/A | BP41: =if($B41=BP$3,BP40+$Y41,if($C41=BP$3,BP40+$AD41,BP40)) -> #N/A | ... ED41: =if($B41=ED$3,ED40+$Y41,if($C41=ED$3,ED40+$AD41,ED40)) -> #N/A | EE41: =sum(iferror(AI41:BH41,0))/count(AI41:BH41) -> 1655.6348
B42: Jussa | C42: Janne L | D42: 0 | E42: Jussa | F42: 46145 | H42: =if(countblank(B42:E42)<4,TRUE,FALSE) -> TRUE | I42: =if(iferror(match(B42,'Osallistujat ja seuranta'!C:C,0),0)>0,TRUE,FALSE) -> TRUE | J42: =if(iferror(match(C42,'Osallistujat ja seuranta'!C:C,0),0)>0,TRUE,FALSE) -> TRUE | K42: =not(B42=C42) -> TRUE | L42: =or(E42=B42,E42=C42) -> TRUE | M42: =countblank(B42:E42)=0 -> TRUE | N42: =if(and(I42:M42),1,if(H42,0,"")) -> 1 | O42: =if(N42=1,index(41:41,1,match(B42,$3:$3,0)),"") -> 1918.1433 | P42: =if(N42=1,index(41:41,1,match(C42,$3:$3,0)),"") -> 1095.9215 | Q42: =if(N42=1,O42-(P42+D42*100-if(D42>0,50,0))*N42,"") -> 822.2218 | R42: =if(N42=1,P42+D42*100-if(D42>0,50,0),"") -> 1095.9215 | S42: =if(E42=B42,1,0) -> 1 | T42: =-7*ln(3300-O42) -> -50.618283 | U42: =-7*ln(3300-R42) -> -53.886454 | V42: =if(N42=1,1/(1+exp(U42-T42)),"") -> 0.96332058 | W42: =power((3300-O42)/200,1.6) -> 22.033973 | X42: =ln(1+exp((2300-O42)/80))/5 -> 0.95632527 | Y42: =if(N42=1,(W42*(S42-V42))*'Säännöt ja ohjeet'!$B$54+X42,"") -> 2.5727121 | Z42: =-(S42-1) -> 0 | AA42: =1-V42 -> 0.036679422 | AB42: =power((3300-P42)/200,1.6) -> 46.506676 | AC42: =ln(1+exp((2300-P42)/80))/5 -> 3.0101963 | AD42: =if(N42=1,(AB42*(Z42-AA42))*'Säännöt ja ohjeet'!$B$54+AC42,"") -> -0.40147967 | AE42: =10*if($E42=B42,1,-1)+min(10,rounddown((P42-O42)/50,0)-2*$D42*sign(P42-O42))+1 -> -5 | AF42: =10*if($E42=C42,1,-1)+min(10,rounddown((O42-P42)/50,0)-2*$D42*sign(O42-P42))+1 -> 1 | AI42: =IF($B42=AI$3,AI41+$Y42,IF($C42=AI$3,AI41+$AD42,AI41)) -> 1920.716 | AJ42: =IF($B42=AJ$3,AJ41+$Y42,IF($C42=AJ$3,AJ41+$AD42,AJ41)) -> 1931.25 | AK42: =if($B42=AK$3,AK41+$Y42,if($C42=AK$3,AK41+$AD42,AK41)) -> 2425.7287 | AL42: =if($B42=AL$3,AL41+$Y42,if($C42=AL$3,AL41+$AD42,AL41)) -> 1658.5889 | AM42: =if($B42=AM$3,AM41+$Y42,if($C42=AM$3,AM41+$AD42,AM41)) -> 1804.0721 | AN42: =if($B42=AN$3,AN41+$Y42,if($C42=AN$3,AN41+$AD42,AN41)) -> 2308.735 | AO42: =if($B42=AO$3,AO40+$Y42,if($C42=AO$3,AO40+$AD42,AO40)) -> 2286.3278 | AP42: =if($B42=AP$3,AP40+$Y42,if($C42=AP$3,AP40+$AD42,AP40)) -> 1646.0151 | AQ42: =if($B42=AQ$3,AQ40+$Y42,if($C42=AQ$3,AQ40+$AD42,AQ40)) -> 880.30448 | AR42: =if($B42=AR$3,AR40+$Y42,if($C42=AR$3,AR40+$AD42,AR40)) -> 830.87989 | AS42: =if($B42=AS$3,AS40+$Y42,if($C42=AS$3,AS40+$AD42,AS40)) -> 2178.7713 | AT42: =if($B42=AT$3,AT40+$Y42,if($C42=AT$3,AT40+$AD42,AT40)) -> 811.64906 | AU42: =if($B42=AU$3,AU41+$Y42,if($C42=AU$3,AU41+$AD42,AU41)) -> 1095.52 | AV42: =if($B42=AV$3,AV40+$Y42,if($C42=AV$3,AV40+$AD42,AV40)) -> 1339.5825 | AW42: =if($B42=AW$3,AW40+$Y42,if($C42=AW$3,AW40+$AD42,AW40)) -> 1186.881 | AX42: =if($B42=AX$3,AX40+$Y42,if($C42=AX$3,AX40+$AD42,AX40)) -> 1164.9975 | AY42: =if($B42=AY$3,AY40+$Y42,if($C42=AY$3,AY40+$AD42,AY40)) -> 1367.7049 | AZ42: =if($B42=AZ$3,AZ40+$Y42,if($C42=AZ$3,AZ40+$AD42,AZ40)) -> 1732.551 | BA42: =if($B42=BA$3,BA40+$Y42,if($C42=BA$3,BA40+$AD42,BA40)) -> 1843.9699 | BB42: =if($B42=BB$3,BB40+$Y42,if($C42=BB$3,BB40+$AD42,BB40)) -> 2151.9767 | BC42: =if($B42=BC$3,BC40+$Y42,if($C42=BC$3,BC40+$AD42,BC40)) -> 2212.2457 | ... BH42: =if($B42=BH$3,BH40+$Y42,if($C42=BH$3,BH40+$AD42,BH40)) -> #N/A | BI42: =if($B42=BI$3,BI41+$Y42,if($C42=BI$3,BI41+$AD42,BI41)) -> #N/A | BJ42: =if($B42=BJ$3,BJ41+$Y42,if($C42=BJ$3,BJ41+$AD42,BJ41)) -> #N/A | BK42: =if($B42=BK$3,BK41+$Y42,if($C42=BK$3,BK41+$AD42,BK41)) -> #N/A | BL42: =if($B42=BL$3,BL41+$Y42,if($C42=BL$3,BL41+$AD42,BL41)) -> #N/A | BM42: =if($B42=BM$3,BM41+$Y42,if($C42=BM$3,BM41+$AD42,BM41)) -> #N/A | BN42: =if($B42=BN$3,BN41+$Y42,if($C42=BN$3,BN41+$AD42,BN41)) -> #N/A | BO42: =if($B42=BO$3,BO41+$Y42,if($C42=BO$3,BO41+$AD42,BO41)) -> #N/A | BP42: =if($B42=BP$3,BP41+$Y42,if($C42=BP$3,BP41+$AD42,BP41)) -> #N/A | ... ED42: =if($B42=ED$3,ED41+$Y42,if($C42=ED$3,ED41+$AD42,ED41)) -> #N/A | EE42: =sum(iferror(AI42:BH42,0))/count(AI42:BH42) -> 1656.1175
B43: Olli | C43: Aleksi | D43: 6 | E43: Olli | F43: 46152 | H43: =if(countblank(B43:E43)<4,TRUE,FALSE) -> TRUE | I43: =if(iferror(match(B43,'Osallistujat ja seuranta'!C:C,0),0)>0,TRUE,FALSE) -> TRUE | J43: =if(iferror(match(C43,'Osallistujat ja seuranta'!C:C,0),0)>0,TRUE,FALSE) -> TRUE | K43: =not(B43=C43) -> TRUE | L43: =or(E43=B43,E43=C43) -> TRUE | M43: =countblank(B43:E43)=0 -> TRUE | N43: =if(and(I43:M43),1,if(H43,0,"")) -> 1 | O43: =if(N43=1,index(42:42,1,match(B43,$3:$3,0)),"") -> 2425.7287 | P43: =if(N43=1,index(42:42,1,match(C43,$3:$3,0)),"") -> 1646.0151 | Q43: =if(N43=1,O43-(P43+D43*100-if(D43>0,50,0))*N43,"") -> 229.7136 | R43: =if(N43=1,P43+D43*100-if(D43>0,50,0),"") -> 2196.0151 | S43: =if(E43=B43,1,0) -> 1 | T43: =-7*ln(3300-O43) -> -47.413735 | U43: =-7*ln(3300-R43) -> -49.046771 | V43: =if(N43=1,1/(1+exp(U43-T43)),"") -> 0.83658507 | W43: =power((3300-O43)/200,1.6) -> 10.592194 | X43: =ln(1+exp((2300-O43)/80))/5 -> 0.037745318 | Y43: =if(N43=1,(W43*(S43-V43))*'Säännöt ja ohjeet'!$B$54+X43,"") -> 3.4995907 | Z43: =-(S43-1) -> 0 | AA43: =1-V43 -> 0.16341493 | AB43: =power((3300-P43)/200,1.6) -> 29.376663 | AC43: =ln(1+exp((2300-P43)/80))/5 -> 1.6350185 | AD43: =if(N43=1,(AB43*(Z43-AA43))*'Säännöt ja ohjeet'!$B$54+AC43,"") -> -7.966152 | AE43: =10*if($E43=B43,1,-1)+min(10,rounddown((P43-O43)/50,0)-2*$D43*sign(P43-O43))+1 -> 8 | AF43: =10*if($E43=C43,1,-1)+min(10,rounddown((O43-P43)/50,0)-2*$D43*sign(O43-P43))+1 -> -6 | AI43: =if($B43=AI$3,AI42+$Y43,if($C43=AI$3,AI42+$AD43,AI42)) -> 1920.716 | AJ43: =if($B43=AJ$3,AJ42+$Y43,if($C43=AJ$3,AJ42+$AD43,AJ42)) -> 1931.25 | AK43: =if($B43=AK$3,AK42+$Y43,if($C43=AK$3,AK42+$AD43,AK42)) -> 2429.2283 | AL43: =if($B43=AL$3,AL42+$Y43,if($C43=AL$3,AL42+$AD43,AL42)) -> 1658.5889 | AM43: =if($B43=AM$3,AM42+$Y43,if($C43=AM$3,AM42+$AD43,AM42)) -> 1804.0721 | AN43: =if($B43=AN$3,AN42+$Y43,if($C43=AN$3,AN42+$AD43,AN42)) -> 2308.735 | AO43: =if($B43=AO$3,AO42+$Y43,if($C43=AO$3,AO42+$AD43,AO42)) -> 2286.3278 | AP43: =if($B43=AP$3,AP42+$Y43,if($C43=AP$3,AP42+$AD43,AP42)) -> 1638.049 | ... ED43: =if($B43=ED$3,ED42+$Y43,if($C43=ED$3,ED42+$AD43,ED42)) -> #N/A | EE43: =sum(iferror(AI43:BH43,0))/count(AI43:BH43) -> 1655.9048
B44: Olli | C44: Timo | D44: 0 | E44: Timo | F44: 46152 | H44: =if(countblank(B44:E44)<4,TRUE,FALSE) -> TRUE | I44: =if(iferror(match(B44,'Osallistujat ja seuranta'!C:C,0),0)>0,TRUE,FALSE) -> TRUE | J44: =if(iferror(match(C44,'Osallistujat ja seuranta'!C:C,0),0)>0,TRUE,FALSE) -> TRUE | K44: =not(B44=C44) -> TRUE | L44: =or(E44=B44,E44=C44) -> TRUE | M44: =countblank(B44:E44)=0 -> TRUE | N44: =if(and(I44:M44),1,if(H44,0,"")) -> 1 | O44: =if(N44=1,index(43:43,1,match(B44,$3:$3,0)),"") -> 2429.2283 | P44: =if(N44=1,index(43:43,1,match(C44,$3:$3,0)),"") -> 2308.735 | Q44: =if(N44=1,O44-(P44+D44*100-if(D44>0,50,0))*N44,"") -> 120.49333 | R44: =if(N44=1,P44+D44*100-if(D44>0,50,0),"") -> 2308.735 | S44: =if(E44=B44,1,0) -> 0 | T44: =-7*ln(3300-O44) -> -47.385659 | U44: =-7*ln(3300-R44) -> -48.292873 | V44: =if(N44=1,1/(1+exp(U44-T44)),"") -> 0.71242987 | W44: =power((3300-O44)/200,1.6) -> 10.524437 | X44: =ln(1+exp((2300-O44)/80))/5 -> 0.036267598 | Y44: =if(N44=1,(W44*(S44-V44))*'Säännöt ja ohjeet'!$B$54+X44,"") -> -14.95958 | Z44: =-(S44-1) -> 1 | AA44: =1-V44 -> 0.28757013 | AB44: =power((3300-P44)/200,1.6) -> 12.949579 | AC44: =ln(1+exp((2300-P44)/80))/5 -> 0.12800861 | AD44: =if(N44=1,(AB44*(Z44-AA44))*'Säännöt ja ohjeet'!$B$54+AC44,"") -> 18.579343 | AE44: =10*if($E44=B44,1,-1)+min(10,rounddown((P44-O44)/50,0)-2*$D44*sign(P44-O44))+1 -> -11 | AF44: =10*if($E44=C44,1,-1)+min(10,rounddown((O44-P44)/50,0)-2*$D44*sign(O44-P44))+1 -> 13 | AI44: =if($B44=AI$3,AI43+$Y44,if($C44=AI$3,AI43+$AD44,AI43)) -> 1920.716 | AJ44: =if($B44=AJ$3,AJ43+$Y44,if($C44=AJ$3,AJ43+$AD44,AJ43)) -> 1931.25 | AK44: =if($B44=AK$3,AK43+$Y44,if($C44=AK$3,AK43+$AD44,AK43)) -> 2414.2687 | AL44: =if($B44=AL$3,AL43+$Y44,if($C44=AL$3,AL43+$AD44,AL43)) -> 1658.5889 | AM44: =if($B44=AM$3,AM43+$Y44,if($C44=AM$3,AM43+$AD44,AM43)) -> 1804.0721 | AN44: =if($B44=AN$3,AN43+$Y44,if($C44=AN$3,AN43+$AD44,AN43)) -> 2327.3143 | AO44: =if($B44=AO$3,AO43+$Y44,if($C44=AO$3,AO43+$AD44,AO43)) -> 2286.3278 | AP44: =if($B44=AP$3,AP43+$Y44,if($C44=AP$3,AP43+$AD44,AP43)) -> 1638.049 | ... ED44: =if($B44=ED$3,ED43+$Y44,if($C44=ED$3,ED43+$AD44,ED43)) -> #N/A | EE44: =sum(iferror(AI44:BH44,0))/count(AI44:BH44) -> 1656.0772
B45: Jussa | C45: Janne L | D45: 4 | E45: Jussa | F45: 46155 | H45: =if(countblank(B45:E45)<4,TRUE,FALSE) -> TRUE | I45: =if(iferror(match(B45,'Osallistujat ja seuranta'!C:C,0),0)>0,TRUE,FALSE) -> TRUE | J45: =if(iferror(match(C45,'Osallistujat ja seuranta'!C:C,0),0)>0,TRUE,FALSE) -> TRUE | K45: =not(B45=C45) -> TRUE | L45: =or(E45=B45,E45=C45) -> TRUE | M45: =countblank(B45:E45)=0 -> TRUE | N45: =if(and(I45:M45),1,if(H45,0,"")) -> 1 | O45: =if(N45=1,index(44:44,1,match(B45,$3:$3,0)),"") -> 1920.716 | P45: =if(N45=1,index(44:44,1,match(C45,$3:$3,0)),"") -> 1095.52 | Q45: =if(N45=1,O45-(P45+D45*100-if(D45>0,50,0))*N45,"") -> 475.19599 | R45: =if(N45=1,P45+D45*100-if(D45>0,50,0),"") -> 1445.52 | S45: =if(E45=B45,1,0) -> 1 | T45: =-7*ln(3300-O45) -> -50.605239 | U45: =-7*ln(3300-R45) -> -52.677517 | V45: =if(N45=1,1/(1+exp(U45-T45)),"") -> 0.88817947 | W45: =power((3300-O45)/200,1.6) -> 21.968374 | X45: =ln(1+exp((2300-O45)/80))/5 -> 0.94994827 | Y45: =if(N45=1,(W45*(S45-V45))*'Säännöt ja ohjeet'!$B$54+X45,"") -> 5.8629787 | Z45: =-(S45-1) -> 0 | AA45: =1-V45 -> 0.11182053 | AB45: =power((3300-P45)/200,1.6) -> 46.520231 | AC45: =ln(1+exp((2300-P45)/80))/5 -> 3.0112 | AD45: =if(N45=1,(AB45*(Z45-AA45))*'Säännöt ja ohjeet'!$B$54+AC45,"") -> -7.3926336 | AE45: =10*if($E45=B45,1,-1)+min(10,rounddown((P45-O45)/50,0)-2*$D45*sign(P45-O45))+1 -> 3 | AF45: =10*if($E45=C45,1,-1)+min(10,rounddown((O45-P45)/50,0)-2*$D45*sign(O45-P45))+1 -> -1 | AI45: =if($B45=AI$3,AI44+$Y45,if($C45=AI$3,AI44+$AD45,AI44)) -> 1926.579 | AJ45: =if($B45=AJ$3,AJ44+$Y45,if($C45=AJ$3,AJ44+$AD45,AJ44)) -> 1931.25 | AK45: =if($B45=AK$3,AK44+$Y45,if($C45=AK$3,AK44+$AD45,AK44)) -> 2414.2687 | AL45: =if($B45=AL$3,AL44+$Y45,if($C45=AL$3,AL44+$AD45,AL44)) -> 1658.5889 | AM45: =if($B45=AM$3,AM44+$Y45,if($C45=AM$3,AM44+$AD45,AM44)) -> 1804.0721 | AN45: =if($B45=AN$3,AN44+$Y45,if($C45=AN$3,AN44+$AD45,AN44)) -> 2327.3143 | AO45: =if($B45=AO$3,AO44+$Y45,if($C45=AO$3,AO44+$AD45,AO44)) -> 2286.3278 | AP45: =if($B45=AP$3,AP44+$Y45,if($C45=AP$3,AP44+$AD45,AP44)) -> 1638.049 | ... ED45: =if($B45=ED$3,ED44+$Y45,if($C45=ED$3,ED44+$AD45,ED44)) -> #N/A | EE45: =sum(iferror(AI45:BH45,0))/count(AI45:BH45) -> 1656.0044
B46: Olli | C46: Lauri | D46: 5 | E46: Olli | F46: 46159 | H46: =if(countblank(B46:E46)<4,TRUE,FALSE) -> TRUE | I46: =if(iferror(match(B46,'Osallistujat ja seuranta'!C:C,0),0)>0,TRUE,FALSE) -> TRUE | J46: =if(iferror(match(C46,'Osallistujat ja seuranta'!C:C,0),0)>0,TRUE,FALSE) -> TRUE | K46: =not(B46=C46) -> TRUE | L46: =or(E46=B46,E46=C46) -> TRUE | M46: =countblank(B46:E46)=0 -> TRUE | N46: =if(and(I46:M46),1,if(H46,0,"")) -> 1 | O46: =if(N46=1,index(45:45,1,match(B46,$3:$3,0)),"") -> 2414.2687 | P46: =if(N46=1,index(45:45,1,match(C46,$3:$3,0)),"") -> 1658.5889 | Q46: =if(N46=1,O46-(P46+D46*100-if(D46>0,50,0))*N46,"") -> 305.67982 | R46: =if(N46=1,P46+D46*100-if(D46>0,50,0),"") -> 2108.5889 | S46: =if(E46=B46,1,0) -> 1 | T46: =-7*ln(3300-O46) -> -47.504895 | U46: =-7*ln(3300-R46) -> -49.580256 | V46: =if(N46=1,1/(1+exp(U46-T46)),"") -> 0.88848519 | W46: =power((3300-O46)/200,1.6) -> 10.815215 | X46: =ln(1+exp((2300-O46)/80))/5 -> 0.042974192 | Y46: =if(N46=1,(W46*(S46-V46))*'Säännöt ja ohjeet'!$B$54+X46,"") -> 2.4550876 | Z46: =-(S46-1) -> 0 | AA46: =1-V46 -> 0.11151481 | AB46: =power((3300-P46)/200,1.6) -> 29.020159 | AC46: =ln(1+exp((2300-P46)/80))/5 -> 1.6035936 | AD46: =if(N46=1,(AB46*(Z46-AA46))*'Säännöt ja ohjeet'!$B$54+AC46,"") -> -4.8687617 | AE46: =10*if($E46=B46,1,-1)+min(10,rounddown((P46-O46)/50,0)-2*$D46*sign(P46-O46))+1 -> 6 | AF46: =10*if($E46=C46,1,-1)+min(10,rounddown((O46-P46)/50,0)-2*$D46*sign(O46-P46))+1 -> -4 | AI46: =if($B46=AI$3,AI45+$Y46,if($C46=AI$3,AI45+$AD46,AI45)) -> 1926.579 | AJ46: =if($B46=AJ$3,AJ45+$Y46,if($C46=AJ$3,AJ45+$AD46,AJ45)) -> 1931.25 | AK46: =if($B46=AK$3,AK45+$Y46,if($C46=AK$3,AK45+$AD46,AK45)) -> 2416.7238 | AL46: =if($B46=AL$3,AL45+$Y46,if($C46=AL$3,AL45+$AD46,AL45)) -> 1653.7202 | AM46: =if($B46=AM$3,AM45+$Y46,if($C46=AM$3,AM45+$AD46,AM45)) -> 1804.0721 | AN46: =if($B46=AN$3,AN45+$Y46,if($C46=AN$3,AN45+$AD46,AN45)) -> 2327.3143 | AO46: =if($B46=AO$3,AO45+$Y46,if($C46=AO$3,AO45+$AD46,AO45)) -> 2286.3278 | AP46: =if($B46=AP$3,AP45+$Y46,if($C46=AP$3,AP45+$AD46,AP45)) -> 1638.049 | ... ED46: =if($B46=ED$3,ED45+$Y46,if($C46=ED$3,ED45+$AD46,ED45)) -> #N/A | EE46: =sum(iferror(AI46:BH46,0))/count(AI46:BH46) -> 1655.8894
B47: Olli | C47: Peitsa | D47: 5 | E47: Olli | F47: 46159 | H47: =if(countblank(B47:E47)<4,TRUE,FALSE) -> TRUE | I47: =if(iferror(match(B47,'Osallistujat ja seuranta'!C:C,0),0)>0,TRUE,FALSE) -> TRUE | J47: =if(iferror(match(C47,'Osallistujat ja seuranta'!C:C,0),0)>0,TRUE,FALSE) -> TRUE | K47: =not(B47=C47) -> TRUE | L47: =or(E47=B47,E47=C47) -> TRUE | M47: =countblank(B47:E47)=0 -> TRUE | N47: =if(and(I47:M47),1,if(H47,0,"")) -> 1 | O47: =if(N47=1,index(46:46,1,match(B47,$3:$3,0)),"") -> 2416.7238 | P47: =if(N47=1,index(46:46,1,match(C47,$3:$3,0)),"") -> 1931.25 | Q47: =if(N47=1,O47-(P47+D47*100-if(D47>0,50,0))*N47,"") -> 35.473792 | R47: =if(N47=1,P47+D47*100-if(D47>0,50,0),"") -> 2381.25 | S47: =if(E47=B47,1,0) -> 1 | T47: =-7*ln(3300-O47) -> -47.485465 | U47: =-7*ln(3300-R47) -> -47.761098 | V47: =if(N47=1,1/(1+exp(U47-T47)),"") -> 0.56847519 | W47: =power((3300-O47)/200,1.6) -> 10.767291 | X47: =ln(1+exp((2300-O47)/80))/5 -> 0.041802034 | Y47: =if(N47=1,(W47*(S47-V47))*'Säännöt ja ohjeet'!$B$54+X47,"") -> 9.3345082 | Z47: =-(S47-1) -> 0 | AA47: =1-V47 -> 0.43152481 | AB47: =power((3300-P47)/200,1.6) -> 21.700543 | AC47: =ln(1+exp((2300-P47)/80))/5 -> 0.92385669 | AD47: =if(N47=1,(AB47*(Z47-AA47))*'Säännöt ja ohjeet'!$B$54+AC47,"") -> -17.804789 | AE47: =10*if($E47=B47,1,-1)+min(10,rounddown((P47-O47)/50,0)-2*$D47*sign(P47-O47))+1 -> 12 | AF47: =10*if($E47=C47,1,-1)+min(10,rounddown((O47-P47)/50,0)-2*$D47*sign(O47-P47))+1 -> -10 | AI47: =IF($B47=AI$3,AI46+$Y47,IF($C47=AI$3,AI46+$AD47,AI46)) -> 1926.579 | AJ47: =IF($B47=AJ$3,AJ46+$Y47,IF($C47=AJ$3,AJ46+$AD47,AJ46)) -> 1913.4452 | AK47: =if($B47=AK$3,AK46+$Y47,if($C47=AK$3,AK46+$AD47,AK46)) -> 2426.0583 | AL47: =if($B47=AL$3,AL46+$Y47,if($C47=AL$3,AL46+$AD47,AL46)) -> 1653.7202 | AM47: =if($B47=AM$3,AM46+$Y47,if($C47=AM$3,AM46+$AD47,AM46)) -> 1804.0721 | AN47: =if($B47=AN$3,AN46+$Y47,if($C47=AN$3,AN46+$AD47,AN46)) -> 2327.3143 | AO47: =if($B47=AO$3,AO41+$Y47,if($C47=AO$3,AO41+$AD47,AO41)) -> 2286.3278 | AP47: =if($B47=AP$3,AP41+$Y47,if($C47=AP$3,AP41+$AD47,AP41)) -> 1638.049 | AQ47: =if($B47=AQ$3,AQ41+$Y47,if($C47=AQ$3,AQ41+$AD47,AQ41)) -> 880.30448 | AR47: =if($B47=AR$3,AR41+$Y47,if($C47=AR$3,AR41+$AD47,AR41)) -> 830.87989 | AS47: =if($B47=AS$3,AS41+$Y47,if($C47=AS$3,AS41+$AD47,AS41)) -> 2178.7713 | AT47: =if($B47=AT$3,AT41+$Y47,if($C47=AT$3,AT41+$AD47,AT41)) -> 811.64906 | AU47: =if($B47=AU$3,AU46+$Y47,if($C47=AU$3,AU46+$AD47,AU46)) -> 1088.1274 | AV47: =if($B47=AV$3,AV41+$Y47,if($C47=AV$3,AV41+$AD47,AV41)) -> 1339.5825 | AW47: =if($B47=AW$3,AW41+$Y47,if($C47=AW$3,AW41+$AD47,AW41)) -> 1186.881 | AX47: =if($B47=AX$3,AX41+$Y47,if($C47=AX$3,AX41+$AD47,AX41)) -> 1164.9975 | AY47: =if($B47=AY$3,AY41+$Y47,if($C47=AY$3,AY41+$AD47,AY41)) -> 1367.7049 | AZ47: =if($B47=AZ$3,AZ41+$Y47,if($C47=AZ$3,AZ41+$AD47,AZ41)) -> 1732.551 | BA47: =if($B47=BA$3,BA41+$Y47,if($C47=BA$3,BA41+$AD47,BA41)) -> 1843.9699 | BB47: =if($B47=BB$3,BB41+$Y47,if($C47=BB$3,BB41+$AD47,BB41)) -> 2151.9767 | BC47: =if($B47=BC$3,BC41+$Y47,if($C47=BC$3,BC41+$AD47,BC41)) -> 2212.2457 | ... BH47: =if($B47=BH$3,BH41+$Y47,if($C47=BH$3,BH41+$AD47,BH41)) -> #N/A | BI47: =if($B47=BI$3,BI46+$Y47,if($C47=BI$3,BI46+$AD47,BI46)) -> #N/A | BJ47: =if($B47=BJ$3,BJ46+$Y47,if($C47=BJ$3,BJ46+$AD47,BJ46)) -> #N/A | BK47: =if($B47=BK$3,BK46+$Y47,if($C47=BK$3,BK46+$AD47,BK46)) -> #N/A | BL47: =if($B47=BL$3,BL46+$Y47,if($C47=BL$3,BL46+$AD47,BL46)) -> #N/A | BM47: =if($B47=BM$3,BM46+$Y47,if($C47=BM$3,BM46+$AD47,BM46)) -> #N/A | BN47: =if($B47=BN$3,BN46+$Y47,if($C47=BN$3,BN46+$AD47,BN46)) -> #N/A | BO47: =if($B47=BO$3,BO46+$Y47,if($C47=BO$3,BO46+$AD47,BO46)) -> #N/A | BP47: =if($B47=BP$3,BP46+$Y47,if($C47=BP$3,BP46+$AD47,BP46)) -> #N/A | ... ED47: =if($B47=ED$3,ED46+$Y47,if($C47=ED$3,ED46+$AD47,ED46)) -> #N/A | EE47: =sum(iferror(AI47:BH47,0))/count(AI47:BH47) -> 1655.4861
B48: Olli | C48: Jussa | D48: 4 | E48: Olli | F48: 46162 | H48: =if(countblank(B48:E48)<4,TRUE,FALSE) -> TRUE | I48: =if(iferror(match(B48,'Osallistujat ja seuranta'!C:C,0),0)>0,TRUE,FALSE) -> TRUE | J48: =if(iferror(match(C48,'Osallistujat ja seuranta'!C:C,0),0)>0,TRUE,FALSE) -> TRUE | K48: =not(B48=C48) -> TRUE | L48: =or(E48=B48,E48=C48) -> TRUE | M48: =countblank(B48:E48)=0 -> TRUE | N48: =if(and(I48:M48),1,if(H48,0,"")) -> 1 | O48: =if(N48=1,index(47:47,1,match(B48,$3:$3,0)),"") -> 2426.0583 | P48: =if(N48=1,index(47:47,1,match(C48,$3:$3,0)),"") -> 1926.579 | Q48: =if(N48=1,O48-(P48+D48*100-if(D48>0,50,0))*N48,"") -> 149.47933 | R48: =if(N48=1,P48+D48*100-if(D48>0,50,0),"") -> 2276.579 | S48: =if(E48=B48,1,0) -> 1 | T48: =-7*ln(3300-O48) -> -47.411095 | U48: =-7*ln(3300-R48) -> -48.516344 | V48: =if(N48=1,1/(1+exp(U48-T48)),"") -> 0.75124214 | W48: =power((3300-O48)/200,1.6) -> 10.585806 | X48: =ln(1+exp((2300-O48)/80))/5 -> 0.037603839 | Y48: =if(N48=1,(W48*(S48-V48))*'Säännöt ja ohjeet'!$B$54+X48,"") -> 5.3042086 | Z48: =-(S48-1) -> 0 | AA48: =1-V48 -> 0.24875786 | AB48: =power((3300-P48)/200,1.6) -> 21.819154 | AC48: =ln(1+exp((2300-P48)/80))/5 -> 0.93542239 | AD48: =if(N48=1,(AB48*(Z48-AA48))*'Säännöt ja ohjeet'!$B$54+AC48,"") -> -9.9199494 | AE48: =10*if($E48=B48,1,-1)+min(10,rounddown((P48-O48)/50,0)-2*$D48*sign(P48-O48))+1 -> 10 | AF48: =10*if($E48=C48,1,-1)+min(10,rounddown((O48-P48)/50,0)-2*$D48*sign(O48-P48))+1 -> -8 | AI48: =if($B48=AI$3,AI47+$Y48,if($C48=AI$3,AI47+$AD48,AI47)) -> 1916.659 | AJ48: =if($B48=AJ$3,AJ47+$Y48,if($C48=AJ$3,AJ47+$AD48,AJ47)) -> 1913.4452 | AK48: =if($B48=AK$3,AK47+$Y48,if($C48=AK$3,AK47+$AD48,AK47)) -> 2431.3625 | AL48: =if($B48=AL$3,AL47+$Y48,if($C48=AL$3,AL47+$AD48,AL47)) -> 1653.7202 | AM48: =if($B48=AM$3,AM47+$Y48,if($C48=AM$3,AM47+$AD48,AM47)) -> 1804.0721 | AN48: =if($B48=AN$3,AN47+$Y48,if($C48=AN$3,AN47+$AD48,AN47)) -> 2327.3143 | AO48: =if($B48=AO$3,AO47+$Y48,if($C48=AO$3,AO47+$AD48,AO47)) -> 2286.3278 | AP48: =if($B48=AP$3,AP47+$Y48,if($C48=AP$3,AP47+$AD48,AP47)) -> 1638.049 | ... ED48: =if($B48=ED$3,ED47+$Y48,if($C48=ED$3,ED47+$AD48,ED47)) -> #N/A | EE48: =sum(iferror(AI48:BH48,0))/count(AI48:BH48) -> 1655.2663
B49: Jussa | C49: Peitsa | D49: 0 | E49: Jussa | F49: 46166 | H49: =if(countblank(B49:E49)<4,TRUE,FALSE) -> TRUE | I49: =if(iferror(match(B49,'Osallistujat ja seuranta'!C:C,0),0)>0,TRUE,FALSE) -> TRUE | J49: =if(iferror(match(C49,'Osallistujat ja seuranta'!C:C,0),0)>0,TRUE,FALSE) -> TRUE | K49: =not(B49=C49) -> TRUE | L49: =or(E49=B49,E49=C49) -> TRUE | M49: =countblank(B49:E49)=0 -> TRUE | N49: =if(and(I49:M49),1,if(H49,0,"")) -> 1 | O49: =if(N49=1,index(48:48,1,match(B49,$3:$3,0)),"") -> 1916.659 | P49: =if(N49=1,index(48:48,1,match(C49,$3:$3,0)),"") -> 1913.4452 | Q49: =if(N49=1,O49-(P49+D49*100-if(D49>0,50,0))*N49,"") -> 3.213809 | R49: =if(N49=1,P49+D49*100-if(D49>0,50,0),"") -> 1913.4452 | S49: =if(E49=B49,1,0) -> 1 | T49: =-7*ln(3300-O49) -> -50.625798 | U49: =-7*ln(3300-R49) -> -50.642042 | V49: =if(N49=1,1/(1+exp(U49-T49)),"") -> 0.50406083 | W49: =power((3300-O49)/200,1.6) -> 22.071852 | X49: =ln(1+exp((2300-O49)/80))/5 -> 0.9600051 | Y49: =if(N49=1,(W49*(S49-V49))*'Säännöt ja ohjeet'!$B$54+X49,"") -> 22.852597 | Z49: =-(S49-1) -> 0 | AA49: =1-V49 -> 0.49593917 | AB49: =power((3300-P49)/200,1.6) -> 22.153954 | AC49: =ln(1+exp((2300-P49)/80))/5 -> 0.9679748 | AD49: =if(N49=1,(AB49*(Z49-AA49))*'Säännöt ja ohjeet'!$B$54+AC49,"") -> -21.006052 | AE49: =10*if($E49=B49,1,-1)+min(10,rounddown((P49-O49)/50,0)-2*$D49*sign(P49-O49))+1 -> 11 | AF49: =10*if($E49=C49,1,-1)+min(10,rounddown((O49-P49)/50,0)-2*$D49*sign(O49-P49))+1 -> -9 | AI49: =if($B49=AI$3,AI48+$Y49,if($C49=AI$3,AI48+$AD49,AI48)) -> 1939.5116 | AJ49: =if($B49=AJ$3,AJ48+$Y49,if($C49=AJ$3,AJ48+$AD49,AJ48)) -> 1892.4392 | AK49: =if($B49=AK$3,AK48+$Y49,if($C49=AK$3,AK48+$AD49,AK48)) -> 2431.3625 | AL49: =if($B49=AL$3,AL48+$Y49,if($C49=AL$3,AL48+$AD49,AL48)) -> 1653.7202 | AM49: =if($B49=AM$3,AM48+$Y49,if($C49=AM$3,AM48+$AD49,AM48)) -> 1804.0721 | AN49: =if($B49=AN$3,AN48+$Y49,if($C49=AN$3,AN48+$AD49,AN48)) -> 2327.3143 | AO49: =if($B49=AO$3,AO48+$Y49,if($C49=AO$3,AO48+$AD49,AO48)) -> 2286.3278 | AP49: =if($B49=AP$3,AP48+$Y49,if($C49=AP$3,AP48+$AD49,AP48)) -> 1638.049 | ... ED49: =if($B49=ED$3,ED48+$Y49,if($C49=ED$3,ED48+$AD49,ED48)) -> #N/A | EE49: =sum(iferror(AI49:BH49,0))/count(AI49:BH49) -> 1655.3542
B50: Jussa | C50: Janne L | D50: 6 | E50: Jussa | F50: 46166 | H50: =if(countblank(B50:E50)<4,TRUE,FALSE) -> TRUE | I50: =if(iferror(match(B50,'Osallistujat ja seuranta'!C:C,0),0)>0,TRUE,FALSE) -> TRUE | J50: =if(iferror(match(C50,'Osallistujat ja seuranta'!C:C,0),0)>0,TRUE,FALSE) -> TRUE | K50: =not(B50=C50) -> TRUE | L50: =or(E50=B50,E50=C50) -> TRUE | M50: =countblank(B50:E50)=0 -> TRUE | N50: =if(and(I50:M50),1,if(H50,0,"")) -> 1 | O50: =if(N50=1,index(49:49,1,match(B50,$3:$3,0)),"") -> 1939.5116 | P50: =if(N50=1,index(49:49,1,match(C50,$3:$3,0)),"") -> 1088.1274 | Q50: =if(N50=1,O50-(P50+D50*100-if(D50>0,50,0))*N50,"") -> 301.38425 | R50: =if(N50=1,P50+D50*100-if(D50>0,50,0),"") -> 1638.1274 | S50: =if(E50=B50,1,0) -> 1 | T50: =-7*ln(3300-O50) -> -50.509193 | U50: =-7*ln(3300-R50) -> -51.909902 | V50: =if(N50=1,1/(1+exp(U50-T50)),"") -> 0.80229642 | W50: =power((3300-O50)/200,1.6) -> 21.491352 | X50: =ln(1+exp((2300-O50)/80))/5 -> 0.90341706 | Y50: =if(N50=1,(W50*(S50-V50))*'Säännöt ja ohjeet'!$B$54+X50,"") -> 9.4012517 | Z50: =-(S50-1) -> 0 | AA50: =1-V50 -> 0.19770358 | AB50: =power((3300-P50)/200,1.6) -> 46.770088 | AC50: =ln(1+exp((2300-P50)/80))/5 -> 3.0296816 | AD50: =if(N50=1,(AB50*(Z50-AA50))*'Säännöt ja ohjeet'!$B$54+AC50,"") -> -15.463546 | AE50: =10*if($E50=B50,1,-1)+min(10,rounddown((P50-O50)/50,0)-2*$D50*sign(P50-O50))+1 -> 6 | AF50: =10*if($E50=C50,1,-1)+min(10,rounddown((O50-P50)/50,0)-2*$D50*sign(O50-P50))+1 -> -4 | AI50: =if($B50=AI$3,AI49+$Y50,if($C50=AI$3,AI49+$AD50,AI49)) -> 1948.9129 | AJ50: =if($B50=AJ$3,AJ49+$Y50,if($C50=AJ$3,AJ49+$AD50,AJ49)) -> 1892.4392 | AK50: =if($B50=AK$3,AK49+$Y50,if($C50=AK$3,AK49+$AD50,AK49)) -> 2431.3625 | AL50: =if($B50=AL$3,AL49+$Y50,if($C50=AL$3,AL49+$AD50,AL49)) -> 1653.7202 | AM50: =if($B50=AM$3,AM49+$Y50,if($C50=AM$3,AM49+$AD50,AM49)) -> 1804.0721 | AN50: =if($B50=AN$3,AN49+$Y50,if($C50=AN$3,AN49+$AD50,AN49)) -> 2327.3143 | AO50: =if($B50=AO$3,AO49+$Y50,if($C50=AO$3,AO49+$AD50,AO49)) -> 2286.3278 | AP50: =if($B50=AP$3,AP49+$Y50,if($C50=AP$3,AP49+$AD50,AP49)) -> 1638.049 | ... ED50: =if($B50=ED$3,ED49+$Y50,if($C50=ED$3,ED49+$AD50,ED49)) -> #N/A | EE50: =sum(iferror(AI50:BH50,0))/count(AI50:BH50) -> 1655.0655
B51: Olli | C51: Peitsa | D51: 4 | E51: Olli | F51: 46166 | H51: =if(countblank(B51:E51)<4,TRUE,FALSE) -> TRUE | I51: =if(iferror(match(B51,'Osallistujat ja seuranta'!C:C,0),0)>0,TRUE,FALSE) -> TRUE | J51: =if(iferror(match(C51,'Osallistujat ja seuranta'!C:C,0),0)>0,TRUE,FALSE) -> TRUE | K51: =not(B51=C51) -> TRUE | L51: =or(E51=B51,E51=C51) -> TRUE | M51: =countblank(B51:E51)=0 -> TRUE | N51: =if(and(I51:M51),1,if(H51,0,"")) -> 1 | O51: =if(N51=1,index(50:50,1,match(B51,$3:$3,0)),"") -> 2431.3625 | P51: =if(N51=1,index(50:50,1,match(C51,$3:$3,0)),"") -> 1892.4392 | Q51: =if(N51=1,O51-(P51+D51*100-if(D51>0,50,0))*N51,"") -> 188.92335 | R51: =if(N51=1,P51+D51*100-if(D51>0,50,0),"") -> 2242.4392 | S51: =if(E51=B51,1,0) -> 1 | T51: =-7*ln(3300-O51) -> -47.368481 | U51: =-7*ln(3300-R51) -> -48.746043 | V51: =if(N51=1,1/(1+exp(U51-T51)),"") -> 0.79859915 | W51: =power((3300-O51)/200,1.6) -> 10.483196 | X51: =ln(1+exp((2300-O51)/80))/5 -> 0.0353925 | Y51: =if(N51=1,(W51*(S51-V51))*'Säännöt ja ohjeet'!$B$54+X51,"") -> 4.2580415 | Z51: =-(S51-1) -> 0 | AA51: =1-V51 -> 0.20140085 | AB51: =power((3300-P51)/200,1.6) -> 22.693395 | AC51: =ln(1+exp((2300-P51)/80))/5 -> 1.0201244 | AD51: =if(N51=1,(AB51*(Z51-AA51))*'Säännöt ja ohjeet'!$B$54+AC51,"") -> -8.1208136 | AE51: =10*if($E51=B51,1,-1)+min(10,rounddown((P51-O51)/50,0)-2*$D51*sign(P51-O51))+1 -> 9 | AF51: =10*if($E51=C51,1,-1)+min(10,rounddown((O51-P51)/50,0)-2*$D51*sign(O51-P51))+1 -> -7 | AI51: =if($B51=AI$3,AI50+$Y51,if($C51=AI$3,AI50+$AD51,AI50)) -> 1948.9129 | AJ51: =if($B51=AJ$3,AJ50+$Y51,if($C51=AJ$3,AJ50+$AD51,AJ50)) -> 1884.3184 | AK51: =if($B51=AK$3,AK50+$Y51,if($C51=AK$3,AK50+$AD51,AK50)) -> 2435.6206 | AL51: =if($B51=AL$3,AL50+$Y51,if($C51=AL$3,AL50+$AD51,AL50)) -> 1653.7202 | AM51: =if($B51=AM$3,AM50+$Y51,if($C51=AM$3,AM50+$AD51,AM50)) -> 1804.0721 | AN51: =if($B51=AN$3,AN50+$Y51,if($C51=AN$3,AN50+$AD51,AN50)) -> 2327.3143 | AO51: =if($B51=AO$3,AO50+$Y51,if($C51=AO$3,AO50+$AD51,AO50)) -> 2286.3278 | AP51: =if($B51=AP$3,AP50+$Y51,if($C51=AP$3,AP50+$AD51,AP50)) -> 1638.049 | ... ED51: =if($B51=ED$3,ED50+$Y51,if($C51=ED$3,ED50+$AD51,ED50)) -> #N/A | EE51: =sum(iferror(AI51:BH51,0))/count(AI51:BH51) -> 1654.8816
B52: Olli | C52: Kulkija | D52: 7 | E52: Olli | F52: 46169 | H52: =if(countblank(B52:E52)<4,TRUE,FALSE) -> TRUE | I52: =if(iferror(match(B52,'Osallistujat ja seuranta'!C:C,0),0)>0,TRUE,FALSE) -> TRUE | J52: =if(iferror(match(C52,'Osallistujat ja seuranta'!C:C,0),0)>0,TRUE,FALSE) -> TRUE | K52: =not(B52=C52) -> TRUE | L52: =or(E52=B52,E52=C52) -> TRUE | M52: =countblank(B52:E52)=0 -> TRUE | N52: =if(and(I52:M52),1,if(H52,0,"")) -> 1 | O52: =if(N52=1,index(51:51,1,match(B52,$3:$3,0)),"") -> 2435.6206 | P52: =if(N52=1,index(51:51,1,match(C52,$3:$3,0)),"") -> 1339.5825 | Q52: =if(N52=1,O52-(P52+D52*100-if(D52>0,50,0))*N52,"") -> 446.03804 | R52: =if(N52=1,P52+D52*100-if(D52>0,50,0),"") -> 1989.5825 | S52: =if(E52=B52,1,0) -> 1 | T52: =-7*ln(3300-O52) -> -47.334083 | U52: =-7*ln(3300-R52) -> -50.246707 | V52: =if(N52=1,1/(1+exp(U52-T52)),"") -> 0.948467 | W52: =power((3300-O52)/200,1.6) -> 10.401095 | X52: =ln(1+exp((2300-O52)/80))/5 -> 0.033704019 | Y52: =if(N52=1,(W52*(S52-V52))*'Säännöt ja ohjeet'!$B$54+X52,"") -> 1.1057034 | Z52: =-(S52-1) -> 0 | AA52: =1-V52 -> 0.051533004 | AB52: =power((3300-P52)/200,1.6) -> 38.557575 | AC52: =ln(1+exp((2300-P52)/80))/5 -> 2.4010449 | AD52: =if(N52=1,(AB52*(Z52-AA52))*'Säännöt ja ohjeet'!$B$54+AC52,"") -> -1.5729304 | AE52: =10*if($E52=B52,1,-1)+min(10,rounddown((P52-O52)/50,0)-2*$D52*sign(P52-O52))+1 -> 4 | AF52: =10*if($E52=C52,1,-1)+min(10,rounddown((O52-P52)/50,0)-2*$D52*sign(O52-P52))+1 -> -2 | AI52: =if($B52=AI$3,AI51+$Y52,if($C52=AI$3,AI51+$AD52,AI51)) -> 1948.9129 | AJ52: =if($B52=AJ$3,AJ51+$Y52,if($C52=AJ$3,AJ51+$AD52,AJ51)) -> 1884.3184 | AK52: =if($B52=AK$3,AK51+$Y52,if($C52=AK$3,AK51+$AD52,AK51)) -> 2436.7263 | AL52: =if($B52=AL$3,AL51+$Y52,if($C52=AL$3,AL51+$AD52,AL51)) -> 1653.7202 | AM52: =if($B52=AM$3,AM51+$Y52,if($C52=AM$3,AM51+$AD52,AM51)) -> 1804.0721 | AN52: =if($B52=AN$3,AN51+$Y52,if($C52=AN$3,AN51+$AD52,AN51)) -> 2327.3143 | AO52: =if($B52=AO$3,AO51+$Y52,if($C52=AO$3,AO51+$AD52,AO51)) -> 2286.3278 | AP52: =if($B52=AP$3,AP51+$Y52,if($C52=AP$3,AP51+$AD52,AP51)) -> 1638.049 | ... ED52: =if($B52=ED$3,ED51+$Y52,if($C52=ED$3,ED51+$AD52,ED51)) -> #N/A | EE52: =sum(iferror(AI52:BH52,0))/count(AI52:BH52) -> 1654.8593
B53: Olli | C53: Jussa | D53: 1 | E53: Olli | F53: 46169 | H53: =if(countblank(B53:E53)<4,TRUE,FALSE) -> TRUE | I53: =if(iferror(match(B53,'Osallistujat ja seuranta'!C:C,0),0)>0,TRUE,FALSE) -> TRUE | J53: =if(iferror(match(C53,'Osallistujat ja seuranta'!C:C,0),0)>0,TRUE,FALSE) -> TRUE | K53: =not(B53=C53) -> TRUE | L53: =or(E53=B53,E53=C53) -> TRUE | M53: =countblank(B53:E53)=0 -> TRUE | N53: =if(and(I53:M53),1,if(H53,0,"")) -> 1 | O53: =if(N53=1,index(52:52,1,match(B53,$3:$3,0)),"") -> 2436.7263 | P53: =if(N53=1,index(52:52,1,match(C53,$3:$3,0)),"") -> 1948.9129 | Q53: =if(N53=1,O53-(P53+D53*100-if(D53>0,50,0))*N53,"") -> 437.81338 | R53: =if(N53=1,P53+D53*100-if(D53>0,50,0),"") -> 1998.9129 | S53: =if(E53=B53,1,0) -> 1 | T53: =-7*ln(3300-O53) -> -47.325123 | U53: =-7*ln(3300-R53) -> -50.196688 | V53: =if(N53=1,1/(1+exp(U53-T53)),"") -> 0.94642278 | W53: =power((3300-O53)/200,1.6) -> 10.379816 | X53: =ln(1+exp((2300-O53)/80))/5 -> 0.033277817 | Y53: =if(N53=1,(W53*(S53-V53))*'Säännöt ja ohjeet'!$B$54+X53,"") -> 1.1455213 | Z53: =-(S53-1) -> 0 | AA53: =1-V53 -> 0.053577225 | AB53: =power((3300-P53)/200,1.6) -> 21.254229 | AC53: =ln(1+exp((2300-P53)/80))/5 -> 0.88018611 | AD53: =if(N53=1,(AB53*(Z53-AA53))*'Säännöt ja ohjeet'!$B$54+AC53,"") -> -1.3972992 | AE53: =10*if($E53=B53,1,-1)+min(10,rounddown((P53-O53)/50,0)-2*$D53*sign(P53-O53))+1 -> 4 | AF53: =10*if($E53=C53,1,-1)+min(10,rounddown((O53-P53)/50,0)-2*$D53*sign(O53-P53))+1 -> -2 | AI53: =if($B53=AI$3,AI52+$Y53,if($C53=AI$3,AI52+$AD53,AI52)) -> 1947.5156 | AJ53: =if($B53=AJ$3,AJ52+$Y53,if($C53=AJ$3,AJ52+$AD53,AJ52)) -> 1884.3184 | AK53: =if($B53=AK$3,AK52+$Y53,if($C53=AK$3,AK52+$AD53,AK52)) -> 2437.8718 | AL53: =if($B53=AL$3,AL52+$Y53,if($C53=AL$3,AL52+$AD53,AL52)) -> 1653.7202 | AM53: =if($B53=AM$3,AM52+$Y53,if($C53=AM$3,AM52+$AD53,AM52)) -> 1804.0721 | AN53: =if($B53=AN$3,AN52+$Y53,if($C53=AN$3,AN52+$AD53,AN52)) -> 2327.3143 | AO53: =if($B53=AO$3,AO52+$Y53,if($C53=AO$3,AO52+$AD53,AO52)) -> 2286.3278 | AP53: =if($B53=AP$3,AP52+$Y53,if($C53=AP$3,AP52+$AD53,AP52)) -> 1638.049 | ... ED53: =if($B53=ED$3,ED52+$Y53,if($C53=ED$3,ED52+$AD53,ED52)) -> #N/A | EE53: =sum(iferror(AI53:BH53,0))/count(AI53:BH53) -> 1654.8473
B54: Kulkija | C54: Janne L | D54: 5 | E54: Janne L | F54: 46169 | H54: =if(countblank(B54:E54)<4,TRUE,FALSE) -> TRUE | I54: =if(iferror(match(B54,'Osallistujat ja seuranta'!C:C,0),0)>0,TRUE,FALSE) -> TRUE | J54: =if(iferror(match(C54,'Osallistujat ja seuranta'!C:C,0),0)>0,TRUE,FALSE) -> TRUE | K54: =not(B54=C54) -> TRUE | L54: =or(E54=B54,E54=C54) -> TRUE | M54: =countblank(B54:E54)=0 -> TRUE | N54: =if(and(I54:M54),1,if(H54,0,"")) -> 1 | O54: =if(N54=1,index(53:53,1,match(B54,$3:$3,0)),"") -> 1338.0096 | P54: =if(N54=1,index(53:53,1,match(C54,$3:$3,0)),"") -> 1072.6638 | Q54: =if(N54=1,O54-(P54+D54*100-if(D54>0,50,0))*N54,"") -> -184.65424 | R54: =if(N54=1,P54+D54*100-if(D54>0,50,0),"") -> 1522.6638 | S54: =if(E54=B54,1,0) -> 0 | T54: =-7*ln(3300-O54) -> -53.072003 | U54: =-7*ln(3300-R54) -> -52.380097 | V54: =if(N54=1,1/(1+exp(U54-T54)),"") -> 0.33360913 | W54: =power((3300-O54)/200,1.6) -> 38.607085 | X54: =ln(1+exp((2300-O54)/80))/5 -> 2.4049772 | Y54: =if(N54=1,(W54*(S54-V54))*'Säännöt ja ohjeet'!$B$54+X54,"") -> -23.354375 | Z54: =-(S54-1) -> 1 | AA54: =1-V54 -> 0.66639087 | AB54: =power((3300-P54)/200,1.6) -> 47.294347 | AC54: =ln(1+exp((2300-P54)/80))/5 -> 3.0683404 | AD54: =if(N54=1,(AB54*(Z54-AA54))*'Säännöt ja ohjeet'!$B$54+AC54,"") -> 34.623993 | AE54: =10*if($E54=B54,1,-1)+min(10,rounddown((P54-O54)/50,0)-2*$D54*sign(P54-O54))+1 -> -4 | AF54: =10*if($E54=C54,1,-1)+min(10,rounddown((O54-P54)/50,0)-2*$D54*sign(O54-P54))+1 -> 6 | AI54: =if($B54=AI$3,AI53+$Y54,if($C54=AI$3,AI53+$AD54,AI53)) -> 1947.5156 | AJ54: =if($B54=AJ$3,AJ53+$Y54,if($C54=AJ$3,AJ53+$AD54,AJ53)) -> 1884.3184 | AK54: =if($B54=AK$3,AK53+$Y54,if($C54=AK$3,AK53+$AD54,AK53)) -> 2437.8718 | AL54: =if($B54=AL$3,AL53+$Y54,if($C54=AL$3,AL53+$AD54,AL53)) -> 1653.7202 | AM54: =if($B54=AM$3,AM53+$Y54,if($C54=AM$3,AM53+$AD54,AM53)) -> 1804.0721 | AN54: =if($B54=AN$3,AN53+$Y54,if($C54=AN$3,AN53+$AD54,AN53)) -> 2327.3143 | AO54: =if($B54=AO$3,AO53+$Y54,if($C54=AO$3,AO53+$AD54,AO53)) -> 2286.3278 | AP54: =if($B54=AP$3,AP53+$Y54,if($C54=AP$3,AP53+$AD54,AP53)) -> 1638.049 | ... ED54: =if($B54=ED$3,ED53+$Y54,if($C54=ED$3,ED53+$AD54,ED53)) -> #N/A | EE54: =sum(iferror(AI54:BH54,0))/count(AI54:BH54) -> 1655.384
B55: Eveliina | C55: Janne L | D55: 2 | E55: Janne L | F55: 46179 | H55: =if(countblank(B55:E55)<4,TRUE,FALSE) -> TRUE | I55: =if(iferror(match(B55,'Osallistujat ja seuranta'!C:C,0),0)>0,TRUE,FALSE) -> TRUE | J55: =if(iferror(match(C55,'Osallistujat ja seuranta'!C:C,0),0)>0,TRUE,FALSE) -> TRUE | K55: =not(B55=C55) -> TRUE | L55: =or(E55=B55,E55=C55) -> TRUE | M55: =countblank(B55:E55)=0 -> TRUE | N55: =if(and(I55:M55),1,if(H55,0,"")) -> 1 | O55: =if(N55=1,index(54:54,1,match(B55,$3:$3,0)),"") -> 1164.9975 | P55: =if(N55=1,index(54:54,1,match(C55,$3:$3,0)),"") -> 1107.2878 | Q55: =if(N55=1,O55-(P55+D55*100-if(D55>0,50,0))*N55,"") -> -92.290347 | R55: =if(N55=1,P55+D55*100-if(D55>0,50,0),"") -> 1257.2878 | S55: =if(E55=B55,1,0) -> 0 | T55: =-7*ln(3300-O55) -> -53.663562 | U55: =-7*ln(3300-R55) -> -53.354236 | V55: =if(N55=1,1/(1+exp(U55-T55)),"") -> 0.4232793 | W55: =power((3300-O55)/200,1.6) -> 44.196658 | X55: =ln(1+exp((2300-O55)/80))/5 -> 2.8375064 | Y55: =if(N55=1,(W55*(S55-V55))*'Säännöt ja ohjeet'!$B$54+X55,"") -> -34.577555 | Z55: =-(S55-1) -> 1 | AA55: =1-V55 -> 0.5767207 | AB55: =power((3300-P55)/200,1.6) -> 46.123537 | AC55: =ln(1+exp((2300-P55)/80))/5 -> 2.9817805 | AD55: =if(N55=1,(AB55*(Z55-AA55))*'Säännöt ja ohjeet'!$B$54+AC55,"") -> 42.028058 | AE55: =10*if($E55=B55,1,-1)+min(10,rounddown((P55-O55)/50,0)-2*$D55*sign(P55-O55))+1 -> -6 | AF55: =10*if($E55=C55,1,-1)+min(10,rounddown((O55-P55)/50,0)-2*$D55*sign(O55-P55))+1 -> 8 | AI55: =if($B55=AI$3,AI54+$Y55,if($C55=AI$3,AI54+$AD55,AI54)) -> 1947.5156 | AJ55: =if($B55=AJ$3,AJ54+$Y55,if($C55=AJ$3,AJ54+$AD55,AJ54)) -> 1884.3184 | AK55: =if($B55=AK$3,AK54+$Y55,if($C55=AK$3,AK54+$AD55,AK54)) -> 2437.8718 | AL55: =if($B55=AL$3,AL54+$Y55,if($C55=AL$3,AL54+$AD55,AL54)) -> 1653.7202 | AM55: =if($B55=AM$3,AM54+$Y55,if($C55=AM$3,AM54+$AD55,AM54)) -> 1804.0721 | AN55: =if($B55=AN$3,AN54+$Y55,if($C55=AN$3,AN54+$AD55,AN54)) -> 2327.3143 | AO55: =if($B55=AO$3,AO54+$Y55,if($C55=AO$3,AO54+$AD55,AO54)) -> 2286.3278 | AP55: =if($B55=AP$3,AP54+$Y55,if($C55=AP$3,AP54+$AD55,AP54)) -> 1638.049 | ... ED55: =if($B55=ED$3,ED54+$Y55,if($C55=ED$3,ED54+$AD55,ED54)) -> #N/A | EE55: =sum(iferror(AI55:BH55,0))/count(AI55:BH55) -> 1655.7388
B56: Jussa | C56: Aleksi | D56: 1 | E56: Aleksi | F56: 46180 | H56: =if(countblank(B56:E56)<4,TRUE,FALSE) -> TRUE | I56: =if(iferror(match(B56,'Osallistujat ja seuranta'!C:C,0),0)>0,TRUE,FALSE) -> TRUE | J56: =if(iferror(match(C56,'Osallistujat ja seuranta'!C:C,0),0)>0,TRUE,FALSE) -> TRUE | K56: =not(B56=C56) -> TRUE | L56: =or(E56=B56,E56=C56) -> TRUE | M56: =countblank(B56:E56)=0 -> TRUE | N56: =if(and(I56:M56),1,if(H56,0,"")) -> 1 | O56: =if(N56=1,index(55:55,1,match(B56,$3:$3,0)),"") -> 1947.5156 | P56: =if(N56=1,index(55:55,1,match(C56,$3:$3,0)),"") -> 1638.049 | Q56: =if(N56=1,O56-(P56+D56*100-if(D56>0,50,0))*N56,"") -> 259.46662 | R56: =if(N56=1,P56+D56*100-if(D56>0,50,0),"") -> 1688.049 | S56: =if(E56=B56,1,0) -> 0 | T56: =-7*ln(3300-O56) -> -50.467889 | U56: =-7*ln(3300-R56) -> -51.696404 | V56: =if(N56=1,1/(1+exp(U56-T56)),"") -> 0.77355846 | W56: =power((3300-O56)/200,1.6) -> 21.28941 | X56: =ln(1+exp((2300-O56)/80))/5 -> 0.88363688 | Y56: =if(N56=1,(W56*(S56-V56))*'Säännöt ja ohjeet'!$B$54+X56,"") -> -32.05357 | Z56: =-(S56-1) -> 1 | AA56: =1-V56 -> 0.22644154 | AB56: =power((3300-P56)/200,1.6) -> 29.603371 | AC56: =ln(1+exp((2300-P56)/80))/5 -> 1.6549286 | AD56: =if(N56=1,(AB56*(Z56-AA56))*'Säännöt ja ohjeet'!$B$54+AC56,"") -> 47.454804 | AE56: =10*if($E56=B56,1,-1)+min(10,rounddown((P56-O56)/50,0)-2*$D56*sign(P56-O56))+1 -> -13 | AF56: =10*if($E56=C56,1,-1)+min(10,rounddown((O56-P56)/50,0)-2*$D56*sign(O56-P56))+1 -> 15 | AI56: =if($B56=AI$3,AI55+$Y56,if($C56=AI$3,AI55+$AD56,AI55)) -> 1915.462 | AJ56: =if($B56=AJ$3,AJ55+$Y56,if($C56=AJ$3,AJ55+$AD56,AJ55)) -> 1884.3184 | AK56: =if($B56=AK$3,AK55+$Y56,if($C56=AK$3,AK55+$AD56,AK55)) -> 2437.8718 | AL56: =if($B56=AL$3,AL55+$Y56,if($C56=AL$3,AL55+$AD56,AL55)) -> 1653.7202 | AM56: =if($B56=AM$3,AM55+$Y56,if($C56=AM$3,AM55+$AD56,AM55)) -> 1804.0721 | AN56: =if($B56=AN$3,AN55+$Y56,if($C56=AN$3,AN55+$AD56,AN55)) -> 2327.3143 | AO56: =if($B56=AO$3,AO55+$Y56,if($C56=AO$3,AO55+$AD56,AO55)) -> 2286.3278 | AP56: =if($B56=AP$3,AP55+$Y56,if($C56=AP$3,AP55+$AD56,AP55)) -> 1685.5038 | ... ED56: =if($B56=ED$3,ED55+$Y56,if($C56=ED$3,ED55+$AD56,ED55)) -> #N/A | EE56: =sum(iferror(AI56:BH56,0))/count(AI56:BH56) -> 1656.4722
B57: Jussa | C57: Aleksi | D57: 0 | E57: Jussa | F57: 46180 | H57: =if(countblank(B57:E57)<4,TRUE,FALSE) -> TRUE | I57: =if(iferror(match(B57,'Osallistujat ja seuranta'!C:C,0),0)>0,TRUE,FALSE) -> TRUE | J57: =if(iferror(match(C57,'Osallistujat ja seuranta'!C:C,0),0)>0,TRUE,FALSE) -> TRUE | K57: =not(B57=C57) -> TRUE | L57: =or(E57=B57,E57=C57) -> TRUE | M57: =countblank(B57:E57)=0 -> TRUE | N57: =if(and(I57:M57),1,if(H57,0,"")) -> 1 | O57: =if(N57=1,index(56:56,1,match(B57,$3:$3,0)),"") -> 1915.462 | P57: =if(N57=1,index(56:56,1,match(C57,$3:$3,0)),"") -> 1685.5038 | Q57: =if(N57=1,O57-(P57+D57*100-if(D57>0,50,0))*N57,"") -> 229.95825 | R57: =if(N57=1,P57+D57*100-if(D57>0,50,0),"") -> 1685.5038 | S57: =if(E57=B57,1,0) -> 1 | T57: =-7*ln(3300-O57) -> -50.631852 | U57: =-7*ln(3300-R57) -> -51.707448 | V57: =if(N57=1,1/(1+exp(U57-T57)),"") -> 0.74565954 | W57: =power((3300-O57)/200,1.6) -> 22.102419 | X57: =ln(1+exp((2300-O57)/80))/5 -> 0.96297321 | Y57: =if(N57=1,(W57*(S57-V57))*'Säännöt ja ohjeet'!$B$54+X57,"") -> 12.206052 | Z57: =-(S57-1) -> 0 | AA57: =1-V57 -> 0.25434046 | AB57: =power((3300-P57)/200,1.6) -> 28.262545 | AC57: =ln(1+exp((2300-P57)/80))/5 -> 1.5363328 | AD57: =if(N57=1,(AB57*(Z57-AA57))*'Säännöt ja ohjeet'!$B$54+AC57,"") -> -12.840284 | AE57: =10*if($E57=B57,1,-1)+min(10,rounddown((P57-O57)/50,0)-2*$D57*sign(P57-O57))+1 -> 7 | AF57: =10*if($E57=C57,1,-1)+min(10,rounddown((O57-P57)/50,0)-2*$D57*sign(O57-P57))+1 -> -5 | AI57: =if($B57=AI$3,AI56+$Y57,if($C57=AI$3,AI56+$AD57,AI56)) -> 1927.6681 | AJ57: =if($B57=AJ$3,AJ56+$Y57,if($C57=AJ$3,AJ56+$AD57,AJ56)) -> 1884.3184 | AK57: =if($B57=AK$3,AK56+$Y57,if($C57=AK$3,AK56+$AD57,AK56)) -> 2437.8718 | AL57: =if($B57=AL$3,AL56+$Y57,if($C57=AL$3,AL56+$AD57,AL56)) -> 1653.7202 | AM57: =if($B57=AM$3,AM56+$Y57,if($C57=AM$3,AM56+$AD57,AM56)) -> 1804.0721 | AN57: =if($B57=AN$3,AN56+$Y57,if($C57=AN$3,AN56+$AD57,AN56)) -> 2327.3143 | AO57: =if($B57=AO$3,AO56+$Y57,if($C57=AO$3,AO56+$AD57,AO56)) -> 2286.3278 | AP57: =if($B57=AP$3,AP56+$Y57,if($C57=AP$3,AP56+$AD57,AP56)) -> 1672.6635 | ... ED57: =if($B57=ED$3,ED56+$Y57,if($C57=ED$3,ED56+$AD57,ED56)) -> #N/A | EE57: =sum(iferror(AI57:BH57,0))/count(AI57:BH57) -> 1656.442
B58: Olli | C58: Aleksi | D58: 6 | E58: Aleksi | F58: 46179 | H58: =if(countblank(B58:E58)<4,TRUE,FALSE) -> TRUE | I58: =if(iferror(match(B58,'Osallistujat ja seuranta'!C:C,0),0)>0,TRUE,FALSE) -> TRUE | J58: =if(iferror(match(C58,'Osallistujat ja seuranta'!C:C,0),0)>0,TRUE,FALSE) -> TRUE | K58: =not(B58=C58) -> TRUE | L58: =or(E58=B58,E58=C58) -> TRUE | M58: =countblank(B58:E58)=0 -> TRUE | N58: =if(and(I58:M58),1,if(H58,0,"")) -> 1 | O58: =if(N58=1,index(57:57,1,match(B58,$3:$3,0)),"") -> 2437.8718 | P58: =if(N58=1,index(57:57,1,match(C58,$3:$3,0)),"") -> 1672.6635 | Q58: =if(N58=1,O58-(P58+D58*100-if(D58>0,50,0))*N58,"") -> 215.20831 | R58: =if(N58=1,P58+D58*100-if(D58>0,50,0),"") -> 2222.6635 | S58: =if(E58=B58,1,0) -> 0 | T58: =-7*ln(3300-O58) -> -47.315828 | U58: =-7*ln(3300-R58) -> -48.87573 | V58: =if(N58=1,1/(1+exp(U58-T58)),"") -> 0.82633924 | W58: =power((3300-O58)/200,1.6) -> 10.357787 | X58: =ln(1+exp((2300-O58)/80))/5 -> 0.032841496 | Y58: =if(N58=1,(W58*(S58-V58))*'Säännöt ja ohjeet'!$B$54+X58,"") -> -17.08525 | Z58: =-(S58-1) -> 1 | AA58: =1-V58 -> 0.17366076 | AB58: =power((3300-P58)/200,1.6) -> 28.623042 | AC58: =ln(1+exp((2300-P58)/80))/5 -> 1.5684199 | AD58: =if(N58=1,(AB58*(Z58-AA58))*'Säännöt ja ohjeet'!$B$54+AC58,"") -> 48.873106 | AE58: =10*if($E58=B58,1,-1)+min(10,rounddown((P58-O58)/50,0)-2*$D58*sign(P58-O58))+1 -> -12 | AF58: =10*if($E58=C58,1,-1)+min(10,rounddown((O58-P58)/50,0)-2*$D58*sign(O58-P58))+1 -> 14 | AI58: =if($B58=AI$3,AI57+$Y58,if($C58=AI$3,AI57+$AD58,AI57)) -> 1927.6681 | AJ58: =if($B58=AJ$3,AJ57+$Y58,if($C58=AJ$3,AJ57+$AD58,AJ57)) -> 1884.3184 | AK58: =if($B58=AK$3,AK57+$Y58,if($C58=AK$3,AK57+$AD58,AK57)) -> 2420.7866 | AL58: =if($B58=AL$3,AL57+$Y58,if($C58=AL$3,AL57+$AD58,AL57)) -> 1653.7202 | AM58: =if($B58=AM$3,AM57+$Y58,if($C58=AM$3,AM57+$AD58,AM57)) -> 1804.0721 | AN58: =if($B58=AN$3,AN57+$Y58,if($C58=AN$3,AN57+$AD58,AN57)) -> 2327.3143 | AO58: =if($B58=AO$3,AO57+$Y58,if($C58=AO$3,AO57+$AD58,AO57)) -> 2286.3278 | AP58: =if($B58=AP$3,AP57+$Y58,if($C58=AP$3,AP57+$AD58,AP57)) -> 1721.5366 | ... ED58: =if($B58=ED$3,ED57+$Y58,if($C58=ED$3,ED57+$AD58,ED57)) -> #N/A | EE58: =sum(iferror(AI58:BH58,0))/count(AI58:BH58) -> 1657.9557
B59: Olli | C59: Juuso | D59: 0 | E59: Olli | F59: 46180 | H59: =if(countblank(B59:E59)<4,TRUE,FALSE) -> TRUE | I59: =if(iferror(match(B59,'Osallistujat ja seuranta'!C:C,0),0)>0,TRUE,FALSE) -> TRUE | J59: =if(iferror(match(C59,'Osallistujat ja seuranta'!C:C,0),0)>0,TRUE,FALSE) -> TRUE | K59: =not(B59=C59) -> TRUE | L59: =or(E59=B59,E59=C59) -> TRUE | M59: =countblank(B59:E59)=0 -> TRUE | N59: =if(and(I59:M59),1,if(H59,0,"")) -> 1 | O59: =if(N59=1,index(58:58,1,match(B59,$3:$3,0)),"") -> 2420.7866 | P59: =if(N59=1,index(58:58,1,match(C59,$3:$3,0)),"") -> 2212.2457 | Q59: =if(N59=1,O59-(P59+D59*100-if(D59>0,50,0))*N59,"") -> 208.5408 | R59: =if(N59=1,P59+D59*100-if(D59>0,50,0),"") -> 2212.2457 | S59: =if(E59=B59,1,0) -> 1 | T59: =-7*ln(3300-O59) -> -47.453194 | U59: =-7*ln(3300-R59) -> -48.943094 | V59: =if(N59=1,1/(1+exp(U59-T59)),"") -> 0.81606324 | W59: =power((3300-O59)/200,1.6) -> 10.688159 | X59: =ln(1+exp((2300-O59)/80))/5 -> 0.039925376 | Y59: =if(N59=1,(W59*(S59-V59))*'Säännöt ja ohjeet'!$B$54+X59,"") -> 3.9718163 | Z59: =-(S59-1) -> 0 | AA59: =1-V59 -> 0.18393676 | AB59: =power((3300-P59)/200,1.6) -> 15.024543 | AC59: =ln(1+exp((2300-P59)/80))/5 -> 0.27700631 | AD59: =if(N59=1,(AB59*(Z59-AA59))*'Säännöt ja ohjeet'!$B$54+AC59,"") -> -5.2501253 | AE59: =10*if($E59=B59,1,-1)+min(10,rounddown((P59-O59)/50,0)-2*$D59*sign(P59-O59))+1 -> 7 | AF59: =10*if($E59=C59,1,-1)+min(10,rounddown((O59-P59)/50,0)-2*$D59*sign(O59-P59))+1 -> -5 | AI59: =if($B59=AI$3,AI58+$Y59,if($C59=AI$3,AI58+$AD59,AI58)) -> 1927.6681 | AJ59: =if($B59=AJ$3,AJ58+$Y59,if($C59=AJ$3,AJ58+$AD59,AJ58)) -> 1884.3184 | AK59: =if($B59=AK$3,AK58+$Y59,if($C59=AK$3,AK58+$AD59,AK58)) -> 2424.7584 | AL59: =if($B59=AL$3,AL58+$Y59,if($C59=AL$3,AL58+$AD59,AL58)) -> 1653.7202 | AM59: =if($B59=AM$3,AM58+$Y59,if($C59=AM$3,AM58+$AD59,AM58)) -> 1804.0721 | AN59: =if($B59=AN$3,AN58+$Y59,if($C59=AN$3,AN58+$AD59,AN58)) -> 2327.3143 | AO59: =if($B59=AO$3,AO58+$Y59,if($C59=AO$3,AO58+$AD59,AO58)) -> 2286.3278 | AP59: =if($B59=AP$3,AP58+$Y59,if($C59=AP$3,AP58+$AD59,AP58)) -> 1721.5366 | ... ED59: =if($B59=ED$3,ED58+$Y59,if($C59=ED$3,ED58+$AD59,ED58)) -> #N/A | EE59: =sum(iferror(AI59:BH59,0))/count(AI59:BH59) -> 1657.8948
B60: Olli | C60: Janne L | D60: 9 | E60: Olli | F60: 46187 | H60: =if(countblank(B60:E60)<4,TRUE,FALSE) -> TRUE | I60: =if(iferror(match(B60,'Osallistujat ja seuranta'!C:C,0),0)>0,TRUE,FALSE) -> TRUE | J60: =if(iferror(match(C60,'Osallistujat ja seuranta'!C:C,0),0)>0,TRUE,FALSE) -> TRUE | K60: =not(B60=C60) -> TRUE | L60: =or(E60=B60,E60=C60) -> TRUE | M60: =countblank(B60:E60)=0 -> TRUE | N60: =if(and(I60:M60),1,if(H60,0,"")) -> 1 | O60: =if(N60=1,index(59:59,1,match(B60,$3:$3,0)),"") -> 2424.7584 | P60: =if(N60=1,index(59:59,1,match(C60,$3:$3,0)),"") -> 1149.3159 | Q60: =if(N60=1,O60-(P60+D60*100-if(D60>0,50,0))*N60,"") -> 425.44247 | R60: =if(N60=1,P60+D60*100-if(D60>0,50,0),"") -> 1999.3159 | S60: =if(E60=B60,1,0) -> 1 | T60: =-7*ln(3300-O60) -> -47.4215 | U60: =-7*ln(3300-R60) -> -50.194519 | V60: =if(N60=1,1/(1+exp(U60-T60)),"") -> 0.94120031 | W60: =power((3300-O60)/200,1.6) -> 10.611011 | X60: =ln(1+exp((2300-O60)/80))/5 -> 0.038164639 | Y60: =if(N60=1,(W60*(S60-V60))*'Säännöt ja ohjeet'!$B$54+X60,"") -> 1.2860128 | Z60: =-(S60-1) -> 0 | AA60: =1-V60 -> 0.058799685 | AB60: =power((3300-P60)/200,1.6) -> 44.717201 | AC60: =ln(1+exp((2300-P60)/80))/5 -> 2.8767104 | AD60: =if(N60=1,(AB60*(Z60-AA60))*'Säännöt ja ohjeet'!$B$54+AC60,"") -> -2.3820043 | AE60: =10*if($E60=B60,1,-1)+min(10,rounddown((P60-O60)/50,0)-2*$D60*sign(P60-O60))+1 -> 4 | AF60: =10*if($E60=C60,1,-1)+min(10,rounddown((O60-P60)/50,0)-2*$D60*sign(O60-P60))+1 -> -2 | AI60: =if($B60=AI$3,AI59+$Y60,if($C60=AI$3,AI59+$AD60,AI59)) -> 1927.6681 | AJ60: =if($B60=AJ$3,AJ59+$Y60,if($C60=AJ$3,AJ59+$AD60,AJ59)) -> 1884.3184 | AK60: =if($B60=AK$3,AK59+$Y60,if($C60=AK$3,AK59+$AD60,AK59)) -> 2426.0444 | AL60: =if($B60=AL$3,AL59+$Y60,if($C60=AL$3,AL59+$AD60,AL59)) -> 1653.7202 | AM60: =if($B60=AM$3,AM59+$Y60,if($C60=AM$3,AM59+$AD60,AM59)) -> 1804.0721 | AN60: =if($B60=AN$3,AN59+$Y60,if($C60=AN$3,AN59+$AD60,AN59)) -> 2327.3143 | AO60: =if($B60=AO$3,AO59+$Y60,if($C60=AO$3,AO59+$AD60,AO59)) -> 2286.3278 | AP60: =if($B60=AP$3,AP59+$Y60,if($C60=AP$3,AP59+$AD60,AP59)) -> 1721.5366 | ... ED60: =if($B60=ED$3,ED59+$Y60,if($C60=ED$3,ED59+$AD60,ED59)) -> #N/A | EE60: =sum(iferror(AI60:BH60,0))/count(AI60:BH60) -> 1657.8426
B61: Jussa | C61: Ilia | D61: 7 | E61: Jussa | F61: 46197 | H61: =if(countblank(B61:E61)<4,TRUE,FALSE) -> TRUE | I61: =if(iferror(match(B61,'Osallistujat ja seuranta'!C:C,0),0)>0,TRUE,FALSE) -> TRUE | J61: =if(iferror(match(C61,'Osallistujat ja seuranta'!C:C,0),0)>0,TRUE,FALSE) -> TRUE | K61: =not(B61=C61) -> TRUE | L61: =or(E61=B61,E61=C61) -> TRUE | M61: =countblank(B61:E61)=0 -> TRUE | N61: =if(and(I61:M61),1,if(H61,0,"")) -> 1 | O61: =if(N61=1,index(60:60,1,match(B61,$3:$3,0)),"") -> 1927.6681 | P61: =if(N61=1,index(60:60,1,match(C61,$3:$3,0)),"") -> 830.87989 | Q61: =if(N61=1,O61-(P61+D61*100-if(D61>0,50,0))*N61,"") -> 446.78819 | R61: =if(N61=1,P61+D61*100-if(D61>0,50,0),"") -> 1480.8799 | S61: =if(E61=B61,1,0) -> 1 | T61: =-7*ln(3300-O61) -> -50.569867 | U61: =-7*ln(3300-R61) -> -52.542757 | V61: =if(N61=1,1/(1+exp(U61-T61)),"") -> 0.87792125 | W61: =power((3300-O61)/200,1.6) -> 21.791477 | X61: =ln(1+exp((2300-O61)/80))/5 -> 0.9327252 | Y61: =if(N61=1,(W61*(S61-V61))*'Säännöt ja ohjeet'!$B$54+X61,"") -> 6.2532779 | Z61: =-(S61-1) -> 0 | AA61: =1-V61 -> 0.12207875 | AB61: =power((3300-P61)/200,1.6) -> 55.772428 | AC61: =ln(1+exp((2300-P61)/80))/5 -> 3.6728003 | AD61: =if(N61=1,(AB61*(Z61-AA61))*'Säännöt ja ohjeet'!$B$54+AC61,"") -> -9.9444568 | AE61: =10*if($E61=B61,1,-1)+min(10,rounddown((P61-O61)/50,0)-2*$D61*sign(P61-O61))+1 -> 4 | AF61: =10*if($E61=C61,1,-1)+min(10,rounddown((O61-P61)/50,0)-2*$D61*sign(O61-P61))+1 -> -2 | AI61: =if($B61=AI$3,AI60+$Y61,if($C61=AI$3,AI60+$AD61,AI60)) -> 1933.9214 | AJ61: =if($B61=AJ$3,AJ60+$Y61,if($C61=AJ$3,AJ60+$AD61,AJ60)) -> 1884.3184 | AK61: =if($B61=AK$3,AK60+$Y61,if($C61=AK$3,AK60+$AD61,AK60)) -> 2426.0444 | AL61: =if($B61=AL$3,AL60+$Y61,if($C61=AL$3,AL60+$AD61,AL60)) -> 1653.7202 | AM61: =if($B61=AM$3,AM60+$Y61,if($C61=AM$3,AM60+$AD61,AM60)) -> 1804.0721 | AN61: =if($B61=AN$3,AN60+$Y61,if($C61=AN$3,AN60+$AD61,AN60)) -> 2327.3143 | AO61: =if($B61=AO$3,AO60+$Y61,if($C61=AO$3,AO60+$AD61,AO60)) -> 2286.3278 | AP61: =if($B61=AP$3,AP60+$Y61,if($C61=AP$3,AP60+$AD61,AP60)) -> 1721.5366 | ... ED61: =if($B61=ED$3,ED60+$Y61,if($C61=ED$3,ED60+$AD61,ED60)) -> #N/A | EE61: =sum(iferror(AI61:BH61,0))/count(AI61:BH61) -> 1657.6668
B62: Olli | C62: Jussa | D62: 5 | E62: Jussa | F62: 46204 | H62: =if(countblank(B62:E62)<4,TRUE,FALSE) -> TRUE | I62: =if(iferror(match(B62,'Osallistujat ja seuranta'!C:C,0),0)>0,TRUE,FALSE) -> TRUE | J62: =if(iferror(match(C62,'Osallistujat ja seuranta'!C:C,0),0)>0,TRUE,FALSE) -> TRUE | K62: =not(B62=C62) -> TRUE | L62: =or(E62=B62,E62=C62) -> TRUE | M62: =countblank(B62:E62)=0 -> TRUE | N62: =if(and(I62:M62),1,if(H62,0,"")) -> 1 | O62: =if(N62=1,index(61:61,1,match(B62,$3:$3,0)),"") -> 2426.0444 | P62: =if(N62=1,index(61:61,1,match(C62,$3:$3,0)),"") -> 1933.9214 | Q62: =if(N62=1,O62-(P62+D62*100-if(D62>0,50,0))*N62,"") -> 42.123025 | R62: =if(N62=1,P62+D62*100-if(D62>0,50,0),"") -> 2383.9214 | S62: =if(E62=B62,1,0) -> 0 | T62: =-7*ln(3300-O62) -> -47.411207 | U62: =-7*ln(3300-R62) -> -47.740716 | V62: =if(N62=1,1/(1+exp(U62-T62)),"") -> 0.58163975 | W62: =power((3300-O62)/200,1.6) -> 10.586076 | X62: =ln(1+exp((2300-O62)/80))/5 -> 0.037609815 | Y62: =if(N62=1,(W62*(S62-V62))*'Säännöt ja ohjeet'!$B$54+X62,"") -> -12.276955 | Z62: =-(S62-1) -> 1 | AA62: =1-V62 -> 0.41836025 | AB62: =power((3300-P62)/200,1.6) -> 21.63282 | AC62: =ln(1+exp((2300-P62)/80))/5 -> 0.91724531 | AD62: =if(N62=1,(AB62*(Z62-AA62))*'Säännöt ja ohjeet'!$B$54+AC62,"") -> 26.082261 | AE62: =10*if($E62=B62,1,-1)+min(10,rounddown((P62-O62)/50,0)-2*$D62*sign(P62-O62))+1 -> -8 | AF62: =10*if($E62=C62,1,-1)+min(10,rounddown((O62-P62)/50,0)-2*$D62*sign(O62-P62))+1 -> 10 | AI62: =if($B62=AI$3,AI61+$Y62,if($C62=AI$3,AI61+$AD62,AI61)) -> 1960.0036 | AJ62: =if($B62=AJ$3,AJ61+$Y62,if($C62=AJ$3,AJ61+$AD62,AJ61)) -> 1884.3184 | AK62: =if($B62=AK$3,AK61+$Y62,if($C62=AK$3,AK61+$AD62,AK61)) -> 2413.7674 | AL62: =if($B62=AL$3,AL61+$Y62,if($C62=AL$3,AL61+$AD62,AL61)) -> 1653.7202 | AM62: =if($B62=AM$3,AM61+$Y62,if($C62=AM$3,AM61+$AD62,AM61)) -> 1804.0721 | AN62: =if($B62=AN$3,AN61+$Y62,if($C62=AN$3,AN61+$AD62,AN61)) -> 2327.3143 | AO62: =if($B62=AO$3,AO61+$Y62,if($C62=AO$3,AO61+$AD62,AO61)) -> 2286.3278 | AP62: =if($B62=AP$3,AP61+$Y62,if($C62=AP$3,AP61+$AD62,AP61)) -> 1721.5366 | ... ED62: =if($B62=ED$3,ED61+$Y62,if($C62=ED$3,ED61+$AD62,ED61)) -> #N/A | EE62: =sum(iferror(AI62:BH62,0))/count(AI62:BH62) -> 1658.3242
B63: Olli | C63: Ilia | D63: 9 | E63: Olli | F63: 46204 | H63: =if(countblank(B63:E63)<4,TRUE,FALSE) -> TRUE | I63: =if(iferror(match(B63,'Osallistujat ja seuranta'!C:C,0),0)>0,TRUE,FALSE) -> TRUE | J63: =if(iferror(match(C63,'Osallistujat ja seuranta'!C:C,0),0)>0,TRUE,FALSE) -> TRUE | K63: =not(B63=C63) -> TRUE | L63: =or(E63=B63,E63=C63) -> TRUE | M63: =countblank(B63:E63)=0 -> TRUE | N63: =if(and(I63:M63),1,if(H63,0,"")) -> 1 | O63: =if(N63=1,index(62:62,1,match(B63,$3:$3,0)),"") -> 2413.7674 | P63: =if(N63=1,index(62:62,1,match(C63,$3:$3,0)),"") -> 820.93543 | Q63: =if(N63=1,O63-(P63+D63*100-if(D63>0,50,0))*N63,"") -> 742.832 | R63: =if(N63=1,P63+D63*100-if(D63>0,50,0),"") -> 1670.9354 | S63: =if(E63=B63,1,0) -> 1 | T63: =-7*ln(3300-O63) -> -47.508856 | U63: =-7*ln(3300-R63) -> -51.770329 | V63: =if(N63=1,1/(1+exp(U63-T63)),"") -> 0.98609457 | W63: =power((3300-O63)/200,1.6) -> 10.825011 | X63: =ln(1+exp((2300-O63)/80))/5 -> 0.04321713 | Y63: =if(N63=1,(W63*(S63-V63))*'Säännöt ja ohjeet'!$B$54+X63,"") -> 0.34427 | Z63: =-(S63-1) -> 0 | AA63: =1-V63 -> 0.01390543 | AB63: =power((3300-P63)/200,1.6) -> 56.132263 | AC63: =ln(1+exp((2300-P63)/80))/5 -> 3.6976614 | AD63: =if(N63=1,(AB63*(Z63-AA63))*'Säännöt ja ohjeet'!$B$54+AC63,"") -> 2.1365749 | AE63: =10*if($E63=B63,1,-1)+min(10,rounddown((P63-O63)/50,0)-2*$D63*sign(P63-O63))+1 -> -2 | AF63: =10*if($E63=C63,1,-1)+min(10,rounddown((O63-P63)/50,0)-2*$D63*sign(O63-P63))+1 -> 1 | AI63: =if($B63=AI$3,AI62+$Y63,if($C63=AI$3,AI62+$AD63,AI62)) -> 1960.0036 | AJ63: =if($B63=AJ$3,AJ62+$Y63,if($C63=AJ$3,AJ62+$AD63,AJ62)) -> 1884.3184 | AK63: =if($B63=AK$3,AK62+$Y63,if($C63=AK$3,AK62+$AD63,AK62)) -> 2414.1117 | AL63: =if($B63=AL$3,AL62+$Y63,if($C63=AL$3,AL62+$AD63,AL62)) -> 1653.7202 | AM63: =if($B63=AM$3,AM62+$Y63,if($C63=AM$3,AM62+$AD63,AM62)) -> 1804.0721 | AN63: =if($B63=AN$3,AN62+$Y63,if($C63=AN$3,AN62+$AD63,AN62)) -> 2327.3143 | AO63: =if($B63=AO$3,AO62+$Y63,if($C63=AO$3,AO62+$AD63,AO62)) -> 2286.3278 | AP63: =if($B63=AP$3,AP62+$Y63,if($C63=AP$3,AP62+$AD63,AP62)) -> 1721.5366 | ... ED63: =if($B63=ED$3,ED62+$Y63,if($C63=ED$3,ED62+$AD63,ED62)) -> #N/A | EE63: =sum(iferror(AI63:BH63,0))/count(AI63:BH63) -> 1658.4424
B64: Jussa | C64: Ilia | D64: 0 | E64: Jussa | F64: 46211 | H64: =if(countblank(B64:E64)<4,TRUE,FALSE) -> TRUE | I64: =if(iferror(match(B64,'Osallistujat ja seuranta'!C:C,0),0)>0,TRUE,FALSE) -> TRUE | J64: =if(iferror(match(C64,'Osallistujat ja seuranta'!C:C,0),0)>0,TRUE,FALSE) -> TRUE | K64: =not(B64=C64) -> TRUE | L64: =or(E64=B64,E64=C64) -> TRUE | M64: =countblank(B64:E64)=0 -> TRUE | N64: =if(and(I64:M64),1,if(H64,0,"")) -> 1 | O64: =if(N64=1,index(63:63,1,match(B64,$3:$3,0)),"") -> 1960.0036 | P64: =if(N64=1,index(63:63,1,match(C64,$3:$3,0)),"") -> 823.072 | Q64: =if(N64=1,O64-(P64+D64*100-if(D64>0,50,0))*N64,"") -> 1136.9316 | R64: =if(N64=1,P64+D64*100-if(D64>0,50,0),"") -> 823.072 | S64: =if(E64=B64,1,0) -> 1 | T64: =-7*ln(3300-O64) -> -50.402955 | U64: =-7*ln(3300-R64) -> -54.703421 | V64: =if(N64=1,1/(1+exp(U64-T64)),"") -> 0.98661922 | W64: =power((3300-O64)/200,1.6) -> 20.975765 | X64: =ln(1+exp((2300-O64)/80))/5 -> 0.85282378 | Y64: =if(N64=1,(W64*(S64-V64))*'Säännöt ja ohjeet'!$B$54+X64,"") -> 1.4141678 | Z64: =-(S64-1) -> 0 | AA64: =1-V64 -> 0.013380775 | AB64: =power((3300-P64)/200,1.6) -> 56.054879 | AC64: =ln(1+exp((2300-P64)/80))/5 -> 3.69232 | AD64: =if(N64=1,(AB64*(Z64-AA64))*'Säännöt ja ohjeet'!$B$54+AC64,"") -> 2.1922045 | AE64: =10*if($E64=B64,1,-1)+min(10,rounddown((P64-O64)/50,0)-2*$D64*sign(P64-O64))+1 -> -11 | AF64: =10*if($E64=C64,1,-1)+min(10,rounddown((O64-P64)/50,0)-2*$D64*sign(O64-P64))+1 -> 1 | AI64: =if($B64=AI$3,AI63+$Y64,if($C64=AI$3,AI63+$AD64,AI63)) -> 1961.4178 | AJ64: =if($B64=AJ$3,AJ63+$Y64,if($C64=AJ$3,AJ63+$AD64,AJ63)) -> 1884.3184 | AK64: =if($B64=AK$3,AK63+$Y64,if($C64=AK$3,AK63+$AD64,AK63)) -> 2414.1117 | AL64: =if($B64=AL$3,AL63+$Y64,if($C64=AL$3,AL63+$AD64,AL63)) -> 1653.7202 | AM64: =if($B64=AM$3,AM63+$Y64,if($C64=AM$3,AM63+$AD64,AM63)) -> 1804.0721 | AN64: =if($B64=AN$3,AN63+$Y64,if($C64=AN$3,AN63+$AD64,AN63)) -> 2327.3143 | AO64: =if($B64=AO$3,AO63+$Y64,if($C64=AO$3,AO63+$AD64,AO63)) -> 2286.3278 | AP64: =if($B64=AP$3,AP63+$Y64,if($C64=AP$3,AP63+$AD64,AP63)) -> 1721.5366 | ... ED64: =if($B64=ED$3,ED63+$Y64,if($C64=ED$3,ED63+$AD64,ED63)) -> #N/A | EE64: =sum(iferror(AI64:BH64,0))/count(AI64:BH64) -> 1658.6141
B65: Jussa | C65: Tim | D65: 0 | E65: Jussa | F65: 46215 | H65: =if(countblank(B65:E65)<4,TRUE,FALSE) -> TRUE | I65: =if(iferror(match(B65,'Osallistujat ja seuranta'!C:C,0),0)>0,TRUE,FALSE) -> TRUE | J65: =if(iferror(match(C65,'Osallistujat ja seuranta'!C:C,0),0)>0,TRUE,FALSE) -> TRUE | K65: =not(B65=C65) -> TRUE | L65: =or(E65=B65,E65=C65) -> TRUE | M65: =countblank(B65:E65)=0 -> TRUE | N65: =if(and(I65:M65),1,if(H65,0,"")) -> 1 | O65: =if(N65=1,index(64:64,1,match(B65,$3:$3,0)),"") -> 1961.4178 | P65: =if(N65=1,index(64:64,1,match(C65,$3:$3,0)),"") -> 1804.0721 | Q65: =if(N65=1,O65-(P65+D65*100-if(D65>0,50,0))*N65,"") -> 157.34565 | R65: =if(N65=1,P65+D65*100-if(D65>0,50,0),"") -> 1804.0721 | S65: =if(E65=B65,1,0) -> 1 | T65: =-7*ln(3300-O65) -> -50.395564 | U65: =-7*ln(3300-R65) -> -51.173514 | V65: =if(N65=1,1/(1+exp(U65-T65)),"") -> 0.68523804 | W65: =power((3300-O65)/200,1.6) -> 20.940357 | X65: =ln(1+exp((2300-O65)/80))/5 -> 0.84933852 | Y65: =if(N65=1,(W65*(S65-V65))*'Säännöt ja ohjeet'!$B$54+X65,"") -> 14.031794 | Z65: =-(S65-1) -> 0 | AA65: =1-V65 -> 0.31476196 | AB65: =power((3300-P65)/200,1.6) -> 25.015492 | AC65: =ln(1+exp((2300-P65)/80))/5 -> 1.2402255 | AD65: =if(N65=1,(AB65*(Z65-AA65))*'Säännöt ja ohjeet'!$B$54+AC65,"") -> -14.507625 | AE65: =10*if($E65=B65,1,-1)+min(10,rounddown((P65-O65)/50,0)-2*$D65*sign(P65-O65))+1 -> 8 | AF65: =10*if($E65=C65,1,-1)+min(10,rounddown((O65-P65)/50,0)-2*$D65*sign(O65-P65))+1 -> -6 | AI65: =if($B65=AI$3,AI64+$Y65,if($C65=AI$3,AI64+$AD65,AI64)) -> 1975.4496 | AJ65: =if($B65=AJ$3,AJ64+$Y65,if($C65=AJ$3,AJ64+$AD65,AJ64)) -> 1884.3184 | AK65: =if($B65=AK$3,AK64+$Y65,if($C65=AK$3,AK64+$AD65,AK64)) -> 2414.1117 | AL65: =if($B65=AL$3,AL64+$Y65,if($C65=AL$3,AL64+$AD65,AL64)) -> 1653.7202 | AM65: =if($B65=AM$3,AM64+$Y65,if($C65=AM$3,AM64+$AD65,AM64)) -> 1789.5645 | AN65: =if($B65=AN$3,AN64+$Y65,if($C65=AN$3,AN64+$AD65,AN64)) -> 2327.3143 | AO65: =if($B65=AO$3,AO64+$Y65,if($C65=AO$3,AO64+$AD65,AO64)) -> 2286.3278 | AP65: =if($B65=AP$3,AP64+$Y65,if($C65=AP$3,AP64+$AD65,AP64)) -> 1721.5366 | ... ED65: =if($B65=ED$3,ED64+$Y65,if($C65=ED$3,ED64+$AD65,ED64)) -> #N/A | EE65: =sum(iferror(AI65:BH65,0))/count(AI65:BH65) -> 1658.5914
B66: Olli | C66: Janne L | D66: 9 | E66: Olli | F66: 46211 | H66: =if(countblank(B66:E66)<4,TRUE,FALSE) -> TRUE | I66: =if(iferror(match(B66,'Osallistujat ja seuranta'!C:C,0),0)>0,TRUE,FALSE) -> TRUE | J66: =if(iferror(match(C66,'Osallistujat ja seuranta'!C:C,0),0)>0,TRUE,FALSE) -> TRUE | K66: =not(B66=C66) -> TRUE | L66: =or(E66=B66,E66=C66) -> TRUE | M66: =countblank(B66:E66)=0 -> TRUE | N66: =if(and(I66:M66),1,if(H66,0,"")) -> 1 | O66: =if(N66=1,index(65:65,1,match(B66,$3:$3,0)),"") -> 2414.1117 | P66: =if(N66=1,index(65:65,1,match(C66,$3:$3,0)),"") -> 1146.9339 | Q66: =if(N66=1,O66-(P66+D66*100-if(D66>0,50,0))*N66,"") -> 417.17781 | R66: =if(N66=1,P66+D66*100-if(D66>0,50,0),"") -> 1996.9339 | S66: =if(E66=B66,1,0) -> 1 | T66: =-7*ln(3300-O66) -> -47.506136 | U66: =-7*ln(3300-R66) -> -50.207327 | V66: =if(N66=1,1/(1+exp(U66-T66)),"") -> 0.93709689 | W66: =power((3300-O66)/200,1.6) -> 10.818283 | X66: =ln(1+exp((2300-O66)/80))/5 -> 0.043050161 | Y66: =if(N66=1,(W66*(S66-V66))*'Säännöt ja ohjeet'!$B$54+X66,"") -> 1.4040575 | Z66: =-(S66-1) -> 0 | AA66: =1-V66 -> 0.062903111 | AB66: =power((3300-P66)/200,1.6) -> 44.79647 | AC66: =ln(1+exp((2300-P66)/80))/5 -> 2.8826654 | AD66: =if(N66=1,(AB66*(Z66-AA66))*'Säännöt ja ohjeet'!$B$54+AC66,"") -> -2.7530092 | AE66: =10*if($E66=B66,1,-1)+min(10,rounddown((P66-O66)/50,0)-2*$D66*sign(P66-O66))+1 -> 4 | AF66: =10*if($E66=C66,1,-1)+min(10,rounddown((O66-P66)/50,0)-2*$D66*sign(O66-P66))+1 -> -2 | AI66: =if($B66=AI$3,AI65+$Y66,if($C66=AI$3,AI65+$AD66,AI65)) -> 1975.4496 | AJ66: =if($B66=AJ$3,AJ65+$Y66,if($C66=AJ$3,AJ65+$AD66,AJ65)) -> 1884.3184 | AK66: =if($B66=AK$3,AK65+$Y66,if($C66=AK$3,AK65+$AD66,AK65)) -> 2415.5158 | AL66: =if($B66=AL$3,AL65+$Y66,if($C66=AL$3,AL65+$AD66,AL65)) -> 1653.7202 | AM66: =if($B66=AM$3,AM65+$Y66,if($C66=AM$3,AM65+$AD66,AM65)) -> 1789.5645 | AN66: =if($B66=AN$3,AN65+$Y66,if($C66=AN$3,AN65+$AD66,AN65)) -> 2327.3143 | AO66: =if($B66=AO$3,AO65+$Y66,if($C66=AO$3,AO65+$AD66,AO65)) -> 2286.3278 | AP66: =if($B66=AP$3,AP65+$Y66,if($C66=AP$3,AP65+$AD66,AP65)) -> 1721.5366 | ... ED66: =if($B66=ED$3,ED65+$Y66,if($C66=ED$3,ED65+$AD66,ED65)) -> #N/A | EE66: =sum(iferror(AI66:BH66,0))/count(AI66:BH66) -> 1658.5272
B67: Lauri | C67: Janne L | D67: 5 | E67: Janne L | F67: 46215 | H67: =if(countblank(B67:E67)<4,TRUE,FALSE) -> TRUE | I67: =if(iferror(match(B67,'Osallistujat ja seuranta'!C:C,0),0)>0,TRUE,FALSE) -> TRUE | J67: =if(iferror(match(C67,'Osallistujat ja seuranta'!C:C,0),0)>0,TRUE,FALSE) -> TRUE | K67: =not(B67=C67) -> TRUE | L67: =or(E67=B67,E67=C67) -> TRUE | M67: =countblank(B67:E67)=0 -> TRUE | N67: =if(and(I67:M67),1,if(H67,0,"")) -> 1 | O67: =if(N67=1,index(66:66,1,match(B67,$3:$3,0)),"") -> 1653.7202 | P67: =if(N67=1,index(66:66,1,match(C67,$3:$3,0)),"") -> 1144.1809 | Q67: =if(N67=1,O67-(P67+D67*100-if(D67>0,50,0))*N67,"") -> 59.53927 | R67: =if(N67=1,P67+D67*100-if(D67>0,50,0),"") -> 1594.1809 | S67: =if(E67=B67,1,0) -> 0 | T67: =-7*ln(3300-O67) -> -51.843914 | U67: =-7*ln(3300-R67) -> -52.092605 | V67: =if(N67=1,1/(1+exp(U67-T67)),"") -> 0.56185433 | W67: =power((3300-O67)/200,1.6) -> 29.158009 | X67: =ln(1+exp((2300-O67)/80))/5 -> 1.6157616 | Y67: =if(N67=1,(W67*(S67-V67))*'Säännöt ja ohjeet'!$B$54+X67,"") -> -31.149346 | Z67: =-(S67-1) -> 1 | AA67: =1-V67 -> 0.43814567 | AB67: =power((3300-P67)/200,1.6) -> 44.888151 | AC67: =ln(1+exp((2300-P67)/80))/5 -> 2.8895479 | AD67: =if(N67=1,(AB67*(Z67-AA67))*'Säännöt ja ohjeet'!$B$54+AC67,"") -> 53.330752 | AE67: =10*if($E67=B67,1,-1)+min(10,rounddown((P67-O67)/50,0)-2*$D67*sign(P67-O67))+1 -> -9 | AF67: =10*if($E67=C67,1,-1)+min(10,rounddown((O67-P67)/50,0)-2*$D67*sign(O67-P67))+1 -> 11 | AI67: =if($B67=AI$3,AI66+$Y67,if($C67=AI$3,AI66+$AD67,AI66)) -> 1975.4496 | AJ67: =if($B67=AJ$3,AJ66+$Y67,if($C67=AJ$3,AJ66+$AD67,AJ66)) -> 1884.3184 | AK67: =if($B67=AK$3,AK66+$Y67,if($C67=AK$3,AK66+$AD67,AK66)) -> 2415.5158 | AL67: =if($B67=AL$3,AL66+$Y67,if($C67=AL$3,AL66+$AD67,AL66)) -> 1622.5708 | AM67: =if($B67=AM$3,AM66+$Y67,if($C67=AM$3,AM66+$AD67,AM66)) -> 1789.5645 | AN67: =if($B67=AN$3,AN66+$Y67,if($C67=AN$3,AN66+$AD67,AN66)) -> 2327.3143 | AO67: =if($B67=AO$3,AO66+$Y67,if($C67=AO$3,AO66+$AD67,AO66)) -> 2286.3278 | AP67: =if($B67=AP$3,AP66+$Y67,if($C67=AP$3,AP66+$AD67,AP66)) -> 1721.5366 | ... ED67: =if($B67=ED$3,ED66+$Y67,if($C67=ED$3,ED66+$AD67,ED66)) -> #N/A | EE67: =sum(iferror(AI67:BH67,0))/count(AI67:BH67) -> 1659.5835
B68: Jussa | C68: Ilia | D68: 7 | E68: Jussa | F68: 46218 | H68: =if(countblank(B68:E68)<4,TRUE,FALSE) -> TRUE | I68: =if(iferror(match(B68,'Osallistujat ja seuranta'!C:C,0),0)>0,TRUE,FALSE) -> TRUE | J68: =if(iferror(match(C68,'Osallistujat ja seuranta'!C:C,0),0)>0,TRUE,FALSE) -> TRUE | K68: =not(B68=C68) -> TRUE | L68: =or(E68=B68,E68=C68) -> TRUE | M68: =countblank(B68:E68)=0 -> TRUE | N68: =if(and(I68:M68),1,if(H68,0,"")) -> 1 | O68: =if(N68=1,index(67:67,1,match(B68,$3:$3,0)),"") -> 1975.4496 | P68: =if(N68=1,index(67:67,1,match(C68,$3:$3,0)),"") -> 825.26421 | Q68: =if(N68=1,O68-(P68+D68*100-if(D68>0,50,0))*N68,"") -> 500.18537 | R68: =if(N68=1,P68+D68*100-if(D68>0,50,0),"") -> 1475.2642 | S68: =if(E68=B68,1,0) -> 1 | T68: =-7*ln(3300-O68) -> -50.321799 | U68: =-7*ln(3300-R68) -> -52.564333 | V68: =if(N68=1,1/(1+exp(U68-T68)),"") -> 0.90400465 | W68: =power((3300-O68)/200,1.6) -> 20.590249 | X68: =ln(1+exp((2300-O68)/80))/5 -> 0.81480704 | Y68: =if(N68=1,(W68*(S68-V68))*'Säännöt ja ohjeet'!$B$54+X68,"") -> 4.7679433 | Z68: =-(S68-1) -> 0 | AA68: =1-V68 -> 0.095995349 | AB68: =power((3300-P68)/200,1.6) -> 55.975522 | AC68: =ln(1+exp((2300-P68)/80))/5 -> 3.6868395 | AD68: =if(N68=1,(AB68*(Z68-AA68))*'Säännöt ja ohjeet'!$B$54+AC68,"") -> -7.05994 | AE68: =10*if($E68=B68,1,-1)+min(10,rounddown((P68-O68)/50,0)-2*$D68*sign(P68-O68))+1 -> 2 | AF68: =10*if($E68=C68,1,-1)+min(10,rounddown((O68-P68)/50,0)-2*$D68*sign(O68-P68))+1 -> 0 | AI68: =if($B68=AI$3,AI67+$Y68,if($C68=AI$3,AI67+$AD68,AI67)) -> 1980.2175 | AJ68: =if($B68=AJ$3,AJ67+$Y68,if($C68=AJ$3,AJ67+$AD68,AJ67)) -> 1884.3184 | AK68: =if($B68=AK$3,AK67+$Y68,if($C68=AK$3,AK67+$AD68,AK67)) -> 2415.5158 | AL68: =if($B68=AL$3,AL67+$Y68,if($C68=AL$3,AL67+$AD68,AL67)) -> 1622.5708 | AM68: =if($B68=AM$3,AM67+$Y68,if($C68=AM$3,AM67+$AD68,AM67)) -> 1789.5645 | AN68: =if($B68=AN$3,AN67+$Y68,if($C68=AN$3,AN67+$AD68,AN67)) -> 2327.3143 | AO68: =if($B68=AO$3,AO67+$Y68,if($C68=AO$3,AO67+$AD68,AO67)) -> 2286.3278 | AP68: =if($B68=AP$3,AP67+$Y68,if($C68=AP$3,AP67+$AD68,AP67)) -> 1721.5366 | ... ED68: =if($B68=ED$3,ED67+$Y68,if($C68=ED$3,ED67+$AD68,ED67)) -> #N/A | EE68: =sum(iferror(AI68:BH68,0))/count(AI68:BH68) -> 1659.4743
B69: Jussa | C69: Peitsa | D69: 0 | E69: Jussa | F69: 46222 | H69: =if(countblank(B69:E69)<4,TRUE,FALSE) -> TRUE | I69: =if(iferror(match(B69,'Osallistujat ja seuranta'!C:C,0),0)>0,TRUE,FALSE) -> TRUE | J69: =if(iferror(match(C69,'Osallistujat ja seuranta'!C:C,0),0)>0,TRUE,FALSE) -> TRUE | K69: =not(B69=C69) -> TRUE | L69: =or(E69=B69,E69=C69) -> TRUE | M69: =countblank(B69:E69)=0 -> TRUE | N69: =if(and(I69:M69),1,if(H69,0,"")) -> 1 | O69: =if(N69=1,index(68:68,1,match(B69,$3:$3,0)),"") -> 1980.2175 | P69: =if(N69=1,index(68:68,1,match(C69,$3:$3,0)),"") -> 1884.3184 | Q69: =if(N69=1,O69-(P69+D69*100-if(D69>0,50,0))*N69,"") -> 95.89915 | R69: =if(N69=1,P69+D69*100-if(D69>0,50,0),"") -> 1884.3184 | S69: =if(E69=B69,1,0) -> 1 | T69: =-7*ln(3300-O69) -> -50.296555 | U69: =-7*ln(3300-R69) -> -50.787565 | V69: =if(N69=1,1/(1+exp(U69-T69)),"") -> 0.62034419 | W69: =power((3300-O69)/200,1.6) -> 20.471788 | X69: =ln(1+exp((2300-O69)/80))/5 -> 0.80309597 | Y69: =if(N69=1,(W69*(S69-V69))*'Säännöt ja ohjeet'!$B$54+X69,"") -> 16.347563 | Z69: =-(S69-1) -> 0 | AA69: =1-V69 -> 0.37965581 | AB69: =power((3300-P69)/200,1.6) -> 22.903242 | AC69: =ln(1+exp((2300-P69)/80))/5 -> 1.0403087 | AD69: =if(N69=1,(AB69*(Z69-AA69))*'Säännöt ja ohjeet'!$B$54+AC69,"") -> -16.350389 | AE69: =10*if($E69=B69,1,-1)+min(10,rounddown((P69-O69)/50,0)-2*$D69*sign(P69-O69))+1 -> 10 | AF69: =10*if($E69=C69,1,-1)+min(10,rounddown((O69-P69)/50,0)-2*$D69*sign(O69-P69))+1 -> -8 | AI69: =if($B69=AI$3,AI68+$Y69,if($C69=AI$3,AI68+$AD69,AI68)) -> 1996.5651 | AJ69: =if($B69=AJ$3,AJ68+$Y69,if($C69=AJ$3,AJ68+$AD69,AJ68)) -> 1867.968 | AK69: =if($B69=AK$3,AK68+$Y69,if($C69=AK$3,AK68+$AD69,AK68)) -> 2415.5158 | AL69: =if($B69=AL$3,AL68+$Y69,if($C69=AL$3,AL68+$AD69,AL68)) -> 1622.5708 | AM69: =if($B69=AM$3,AM68+$Y69,if($C69=AM$3,AM68+$AD69,AM68)) -> 1789.5645 | AN69: =if($B69=AN$3,AN68+$Y69,if($C69=AN$3,AN68+$AD69,AN68)) -> 2327.3143 | AO69: =if($B69=AO$3,AO68+$Y69,if($C69=AO$3,AO68+$AD69,AO68)) -> 2286.3278 | AP69: =if($B69=AP$3,AP68+$Y69,if($C69=AP$3,AP68+$AD69,AP68)) -> 1721.5366 | ... ED69: =if($B69=ED$3,ED68+$Y69,if($C69=ED$3,ED68+$AD69,ED68)) -> #N/A | EE69: =sum(iferror(AI69:BH69,0))/count(AI69:BH69) -> 1659.4742
B70: Timo | C70: Jussa | D70: 4 | E70: Jussa | F70: 46222 | H70: =if(countblank(B70:E70)<4,TRUE,FALSE) -> TRUE | I70: =if(iferror(match(B70,'Osallistujat ja seuranta'!C:C,0),0)>0,TRUE,FALSE) -> TRUE | J70: =if(iferror(match(C70,'Osallistujat ja seuranta'!C:C,0),0)>0,TRUE,FALSE) -> TRUE | K70: =not(B70=C70) -> TRUE | L70: =or(E70=B70,E70=C70) -> TRUE | M70: =countblank(B70:E70)=0 -> TRUE | N70: =if(and(I70:M70),1,if(H70,0,"")) -> 1 | O70: =if(N70=1,index(69:69,1,match(B70,$3:$3,0)),"") -> 2327.3143 | P70: =if(N70=1,index(69:69,1,match(C70,$3:$3,0)),"") -> 1996.5651 | Q70: =if(N70=1,O70-(P70+D70*100-if(D70>0,50,0))*N70,"") -> -19.25076 | R70: =if(N70=1,P70+D70*100-if(D70>0,50,0),"") -> 2346.5651 | S70: =if(E70=B70,1,0) -> 0 | T70: =-7*ln(3300-O70) -> -48.160427 | U70: =-7*ln(3300-R70) -> -48.020498 | V70: =if(N70=1,1/(1+exp(U70-T70)),"") -> 0.46507478 | W70: =power((3300-O70)/200,1.6) -> 12.563425 | X70: =ln(1+exp((2300-O70)/80))/5 -> 0.10738683 | Y70: =if(N70=1,(W70*(S70-V70))*'Säännöt ja ohjeet'!$B$54+X70,"") -> -11.578477 | Z70: =-(S70-1) -> 1 | AA70: =1-V70 -> 0.53492522 | AB70: =power((3300-P70)/200,1.6) -> 20.067578 | AC70: =ln(1+exp((2300-P70)/80))/5 -> 0.76304315 | AD70: =if(N70=1,(AB70*(Z70-AA70))*'Säännöt ja ohjeet'!$B$54+AC70,"") -> 19.428892 | AE70: =10*if($E70=B70,1,-1)+min(10,rounddown((P70-O70)/50,0)-2*$D70*sign(P70-O70))+1 -> -7 | AF70: =10*if($E70=C70,1,-1)+min(10,rounddown((O70-P70)/50,0)-2*$D70*sign(O70-P70))+1 -> 9 | AI70: =if($B70=AI$3,AI69+$Y70,if($C70=AI$3,AI69+$AD70,AI69)) -> 2015.994 | AJ70: =if($B70=AJ$3,AJ69+$Y70,if($C70=AJ$3,AJ69+$AD70,AJ69)) -> 1867.968 | AK70: =if($B70=AK$3,AK69+$Y70,if($C70=AK$3,AK69+$AD70,AK69)) -> 2415.5158 | AL70: =if($B70=AL$3,AL69+$Y70,if($C70=AL$3,AL69+$AD70,AL69)) -> 1622.5708 | AM70: =if($B70=AM$3,AM69+$Y70,if($C70=AM$3,AM69+$AD70,AM69)) -> 1789.5645 | AN70: =if($B70=AN$3,AN69+$Y70,if($C70=AN$3,AN69+$AD70,AN69)) -> 2315.7358 | AO70: =if($B70=AO$3,AO69+$Y70,if($C70=AO$3,AO69+$AD70,AO69)) -> 2286.3278 | AP70: =if($B70=AP$3,AP69+$Y70,if($C70=AP$3,AP69+$AD70,AP69)) -> 1721.5366 | ... ED70: =if($B70=ED$3,ED69+$Y70,if($C70=ED$3,ED69+$AD70,ED69)) -> #N/A | EE70: =sum(iferror(AI70:BH70,0))/count(AI70:BH70) -> 1659.848
B71: Jussa | C71: Vincent | D71: 0 | E71: Jussa | F71: 46225 | H71: =if(countblank(B71:E71)<4,TRUE,FALSE) -> TRUE | I71: =if(iferror(match(B71,'Osallistujat ja seuranta'!C:C,0),0)>0,TRUE,FALSE) -> TRUE | J71: =if(iferror(match(C71,'Osallistujat ja seuranta'!C:C,0),0)>0,TRUE,FALSE) -> TRUE | K71: =not(B71=C71) -> TRUE | L71: =or(E71=B71,E71=C71) -> TRUE | M71: =countblank(B71:E71)=0 -> TRUE | N71: =if(and(I71:M71),1,if(H71,0,"")) -> 1 | O71: =if(N71=1,index(70:70,1,match(B71,$3:$3,0)),"") -> 2015.994 | P71: =if(N71=1,index(70:70,1,match(C71,$3:$3,0)),"") -> 1732.551 | Q71: =if(N71=1,O71-(P71+D71*100-if(D71>0,50,0))*N71,"") -> 283.44298 | R71: =if(N71=1,P71+D71*100-if(D71>0,50,0),"") -> 1732.551 | S71: =if(E71=B71,1,0) -> 1 | T71: =-7*ln(3300-O71) -> -50.104181 | U71: =-7*ln(3300-R71) -> -51.500433 | V71: =if(N71=1,1/(1+exp(U71-T71)),"") -> 0.80158846 | W71: =power((3300-O71)/200,1.6) -> 19.591122 | X71: =ln(1+exp((2300-O71)/80))/5 -> 0.7156786 | Y71: =if(N71=1,(W71*(S71-V71))*'Säännöt ja ohjeet'!$B$54+X71,"") -> 8.489888 | Z71: =-(S71-1) -> 0 | AA71: =1-V71 -> 0.19841154 | AB71: =power((3300-P71)/200,1.6) -> 26.956374 | AC71: =ln(1+exp((2300-P71)/80))/5 -> 1.4187886 | AD71: =if(N71=1,(AB71*(Z71-AA71))*'Säännöt ja ohjeet'!$B$54+AC71,"") -> -9.2781231 | AE71: =10*if($E71=B71,1,-1)+min(10,rounddown((P71-O71)/50,0)-2*$D71*sign(P71-O71))+1 -> 6 | AF71: =10*if($E71=C71,1,-1)+min(10,rounddown((O71-P71)/50,0)-2*$D71*sign(O71-P71))+1 -> -4 | AI71: =if($B71=AI$3,AI70+$Y71,if($C71=AI$3,AI70+$AD71,AI70)) -> 2024.4839 | AJ71: =if($B71=AJ$3,AJ70+$Y71,if($C71=AJ$3,AJ70+$AD71,AJ70)) -> 1867.968 | AK71: =if($B71=AK$3,AK70+$Y71,if($C71=AK$3,AK70+$AD71,AK70)) -> 2415.5158 | AL71: =if($B71=AL$3,AL70+$Y71,if($C71=AL$3,AL70+$AD71,AL70)) -> 1622.5708 | AM71: =if($B71=AM$3,AM70+$Y71,if($C71=AM$3,AM70+$AD71,AM70)) -> 1789.5645 | AN71: =if($B71=AN$3,AN70+$Y71,if($C71=AN$3,AN70+$AD71,AN70)) -> 2315.7358 | AO71: =if($B71=AO$3,AO70+$Y71,if($C71=AO$3,AO70+$AD71,AO70)) -> 2286.3278 | AP71: =if($B71=AP$3,AP70+$Y71,if($C71=AP$3,AP70+$AD71,AP70)) -> 1721.5366 | ... ED71: =if($B71=ED$3,ED70+$Y71,if($C71=ED$3,ED70+$AD71,ED70)) -> #N/A | EE71: =sum(iferror(AI71:BH71,0))/count(AI71:BH71) -> 1659.8105
B72: Jussa | C72: Vincent | D72: 0 | E72: Vincent | F72: 46225 | H72: =if(countblank(B72:E72)<4,TRUE,FALSE) -> TRUE | I72: =if(iferror(match(B72,'Osallistujat ja seuranta'!C:C,0),0)>0,TRUE,FALSE) -> TRUE | J72: =if(iferror(match(C72,'Osallistujat ja seuranta'!C:C,0),0)>0,TRUE,FALSE) -> TRUE | K72: =not(B72=C72) -> TRUE | L72: =or(E72=B72,E72=C72) -> TRUE | M72: =countblank(B72:E72)=0 -> TRUE | N72: =if(and(I72:M72),1,if(H72,0,"")) -> 1 | O72: =if(N72=1,index(71:71,1,match(B72,$3:$3,0)),"") -> 2024.4839 | P72: =if(N72=1,index(71:71,1,match(C72,$3:$3,0)),"") -> 1723.2729 | Q72: =if(N72=1,O72-(P72+D72*100-if(D72>0,50,0))*N72,"") -> 301.21099 | R72: =if(N72=1,P72+D72*100-if(D72>0,50,0),"") -> 1723.2729 | S72: =if(E72=B72,1,0) -> 0 | T72: =-7*ln(3300-O72) -> -50.057743 | U72: =-7*ln(3300-R72) -> -51.541746 | V72: =if(N72=1,1/(1+exp(U72-T72)),"") -> 0.81517637 | W72: =power((3300-O72)/200,1.6) -> 19.384274 | X72: =ln(1+exp((2300-O72)/80))/5 -> 0.6950781 | Y72: =if(N72=1,(W72*(S72-V72))*'Säännöt ja ohjeet'!$B$54+X72,"") -> -30.908126 | Z72: =-(S72-1) -> 1 | AA72: =1-V72 -> 0.18482363 | AB72: =power((3300-P72)/200,1.6) -> 27.212126 | AC72: =ln(1+exp((2300-P72)/80))/5 -> 1.4419657 | AD72: =if(N72=1,(AB72*(Z72-AA72))*'Säännöt ja ohjeet'!$B$54+AC72,"") -> 45.80733 | AE72: =10*if($E72=B72,1,-1)+min(10,rounddown((P72-O72)/50,0)-2*$D72*sign(P72-O72))+1 -> -15 | AF72: =10*if($E72=C72,1,-1)+min(10,rounddown((O72-P72)/50,0)-2*$D72*sign(O72-P72))+1 -> 17 | AI72: =if($B72=AI$3,AI71+$Y72,if($C72=AI$3,AI71+$AD72,AI71)) -> 1993.5757 | AJ72: =if($B72=AJ$3,AJ71+$Y72,if($C72=AJ$3,AJ71+$AD72,AJ71)) -> 1867.968 | AK72: =if($B72=AK$3,AK71+$Y72,if($C72=AK$3,AK71+$AD72,AK71)) -> 2415.5158 | AL72: =if($B72=AL$3,AL71+$Y72,if($C72=AL$3,AL71+$AD72,AL71)) -> 1622.5708 | AM72: =if($B72=AM$3,AM71+$Y72,if($C72=AM$3,AM71+$AD72,AM71)) -> 1789.5645 | AN72: =if($B72=AN$3,AN71+$Y72,if($C72=AN$3,AN71+$AD72,AN71)) -> 2315.7358 | AO72: =if($B72=AO$3,AO71+$Y72,if($C72=AO$3,AO71+$AD72,AO71)) -> 2286.3278 | AP72: =if($B72=AP$3,AP71+$Y72,if($C72=AP$3,AP71+$AD72,AP71)) -> 1721.5366 | ... ED72: =if($B72=ED$3,ED71+$Y72,if($C72=ED$3,ED71+$AD72,ED71)) -> #N/A | EE72: =sum(iferror(AI72:BH72,0))/count(AI72:BH72) -> 1660.52
B73: Jussa | C73: Janne L | D73: 8 | E73: Jussa | F73: 46225 | H73: =if(countblank(B73:E73)<4,TRUE,FALSE) -> TRUE | I73: =if(iferror(match(B73,'Osallistujat ja seuranta'!C:C,0),0)>0,TRUE,FALSE) -> TRUE | J73: =if(iferror(match(C73,'Osallistujat ja seuranta'!C:C,0),0)>0,TRUE,FALSE) -> TRUE | K73: =not(B73=C73) -> TRUE | L73: =or(E73=B73,E73=C73) -> TRUE | M73: =countblank(B73:E73)=0 -> TRUE | N73: =if(and(I73:M73),1,if(H73,0,"")) -> 1 | O73: =if(N73=1,index(72:72,1,match(B73,$3:$3,0)),"") -> 1993.5757 | P73: =if(N73=1,index(72:72,1,match(C73,$3:$3,0)),"") -> 1197.5116 | Q73: =if(N73=1,O73-(P73+D73*100-if(D73>0,50,0))*N73,"") -> 46.064107 | R73: =if(N73=1,P73+D73*100-if(D73>0,50,0),"") -> 1947.5116 | S73: =if(E73=B73,1,0) -> 1 | T73: =-7*ln(3300-O73) -> -50.225344 | U73: =-7*ln(3300-R73) -> -50.46791 | V73: =if(N73=1,1/(1+exp(U73-T73)),"") -> 0.56034592 | W73: =power((3300-O73)/200,1.6) -> 20.141267 | X73: =ln(1+exp((2300-O73)/80))/5 -> 0.77035482 | Y73: =if(N73=1,(W73*(S73-V73))*'Säännöt ja ohjeet'!$B$54+X73,"") -> 18.480735 | Z73: =-(S73-1) -> 0 | AA73: =1-V73 -> 0.43965408 | AB73: =power((3300-P73)/200,1.6) -> 43.124668 | AC73: =ln(1+exp((2300-P73)/80))/5 -> 2.7562211 | AD73: =if(N73=1,(AB73*(Z73-AA73))*'Säännöt ja ohjeet'!$B$54+AC73,"") -> -35.163651 | AE73: =10*if($E73=B73,1,-1)+min(10,rounddown((P73-O73)/50,0)-2*$D73*sign(P73-O73))+1 -> 12 | AF73: =10*if($E73=C73,1,-1)+min(10,rounddown((O73-P73)/50,0)-2*$D73*sign(O73-P73))+1 -> -10 | AI73: =if($B73=AI$3,AI72+$Y73,if($C73=AI$3,AI72+$AD73,AI72)) -> 2012.0565 | AJ73: =if($B73=AJ$3,AJ72+$Y73,if($C73=AJ$3,AJ72+$AD73,AJ72)) -> 1867.968 | AK73: =if($B73=AK$3,AK72+$Y73,if($C73=AK$3,AK72+$AD73,AK72)) -> 2415.5158 | AL73: =if($B73=AL$3,AL72+$Y73,if($C73=AL$3,AL72+$AD73,AL72)) -> 1622.5708 | AM73: =if($B73=AM$3,AM72+$Y73,if($C73=AM$3,AM72+$AD73,AM72)) -> 1789.5645 | AN73: =if($B73=AN$3,AN72+$Y73,if($C73=AN$3,AN72+$AD73,AN72)) -> 2315.7358 | AO73: =if($B73=AO$3,AO72+$Y73,if($C73=AO$3,AO72+$AD73,AO72)) -> 2286.3278 | AP73: =if($B73=AP$3,AP72+$Y73,if($C73=AP$3,AP72+$AD73,AP72)) -> 1721.5366 | ... ED73: =if($B73=ED$3,ED72+$Y73,if($C73=ED$3,ED72+$AD73,ED72)) -> #N/A | EE73: =sum(iferror(AI73:BH73,0))/count(AI73:BH73) -> 1659.7255
B74: Olli | C74: Heikki | D74: 0 | E74: Olli | F74: 46229 | H74: =if(countblank(B74:E74)<4,TRUE,FALSE) -> TRUE | I74: =if(iferror(match(B74,'Osallistujat ja seuranta'!C:C,0),0)>0,TRUE,FALSE) -> TRUE | J74: =if(iferror(match(C74,'Osallistujat ja seuranta'!C:C,0),0)>0,TRUE,FALSE) -> TRUE | K74: =not(B74=C74) -> TRUE | L74: =or(E74=B74,E74=C74) -> TRUE | M74: =countblank(B74:E74)=0 -> TRUE | N74: =if(and(I74:M74),1,if(H74,0,"")) -> 1 | O74: =if(N74=1,index(73:73,1,match(B74,$3:$3,0)),"") -> 2415.5158 | P74: =if(N74=1,index(73:73,1,match(C74,$3:$3,0)),"") -> 2286.3278 | Q74: =if(N74=1,O74-(P74+D74*100-if(D74>0,50,0))*N74,"") -> 129.18793 | R74: =if(N74=1,P74+D74*100-if(D74>0,50,0),"") -> 2286.3278 | S74: =if(E74=B74,1,0) -> 1 | T74: =-7*ln(3300-O74) -> -47.495033 | U74: =-7*ln(3300-R74) -> -48.449344 | V74: =if(N74=1,1/(1+exp(U74-T74)),"") -> 0.72198132 | W74: =power((3300-O74)/200,1.6) -> 10.790863 | X74: =ln(1+exp((2300-O74)/80))/5 -> 0.042375177 | Y74: =if(N74=1,(W74*(S74-V74))*'Säännöt ja ohjeet'!$B$54+X74,"") -> 6.0424981 | Z74: =-(S74-1) -> 0 | AA74: =1-V74 -> 0.27801868 | AB74: =power((3300-P74)/200,1.6) -> 13.421098 | AC74: =ln(1+exp((2300-P74)/80))/5 -> 0.15644896 | AD74: =if(N74=1,(AB74*(Z74-AA74))*'Säännöt ja ohjeet'!$B$54+AC74,"") -> -7.3061831 | AE74: =10*if($E74=B74,1,-1)+min(10,rounddown((P74-O74)/50,0)-2*$D74*sign(P74-O74))+1 -> 9 | AF74: =10*if($E74=C74,1,-1)+min(10,rounddown((O74-P74)/50,0)-2*$D74*sign(O74-P74))+1 -> -7 | AI74: =if($B74=AI$3,AI73+$Y74,if($C74=AI$3,AI73+$AD74,AI73)) -> 2012.0565 | AJ74: =if($B74=AJ$3,AJ73+$Y74,if($C74=AJ$3,AJ73+$AD74,AJ73)) -> 1867.968 | AK74: =if($B74=AK$3,AK73+$Y74,if($C74=AK$3,AK73+$AD74,AK73)) -> 2421.5583 | AL74: =if($B74=AL$3,AL73+$Y74,if($C74=AL$3,AL73+$AD74,AL73)) -> 1622.5708 | AM74: =if($B74=AM$3,AM73+$Y74,if($C74=AM$3,AM73+$AD74,AM73)) -> 1789.5645 | AN74: =if($B74=AN$3,AN73+$Y74,if($C74=AN$3,AN73+$AD74,AN73)) -> 2315.7358 | AO74: =if($B74=AO$3,AO73+$Y74,if($C74=AO$3,AO73+$AD74,AO73)) -> 2279.0216 | AP74: =if($B74=AP$3,AP73+$Y74,if($C74=AP$3,AP73+$AD74,AP73)) -> 1721.5366 | ... ED74: =if($B74=ED$3,ED73+$Y74,if($C74=ED$3,ED73+$AD74,ED73)) -> #N/A | EE74: =sum(iferror(AI74:BH74,0))/count(AI74:BH74) -> 1659.6654
B75: Olli | C75: Timo | D75: 0 | E75: Timo | F75: 46232 | H75: =if(countblank(B75:E75)<4,TRUE,FALSE) -> TRUE | I75: =if(iferror(match(B75,'Osallistujat ja seuranta'!C:C,0),0)>0,TRUE,FALSE) -> TRUE | J75: =if(iferror(match(C75,'Osallistujat ja seuranta'!C:C,0),0)>0,TRUE,FALSE) -> TRUE | K75: =not(B75=C75) -> TRUE | L75: =or(E75=B75,E75=C75) -> TRUE | M75: =countblank(B75:E75)=0 -> TRUE | N75: =if(and(I75:M75),1,if(H75,0,"")) -> 1 | O75: =if(N75=1,index(74:74,1,match(B75,$3:$3,0)),"") -> 2421.5583 | P75: =if(N75=1,index(74:74,1,match(C75,$3:$3,0)),"") -> 2315.7358 | Q75: =if(N75=1,O75-(P75+D75*100-if(D75>0,50,0))*N75,"") -> 105.8224 | R75: =if(N75=1,P75+D75*100-if(D75>0,50,0),"") -> 2315.7358 | S75: =if(E75=B75,1,0) -> 0 | T75: =-7*ln(3300-O75) -> -47.447047 | U75: =-7*ln(3300-R75) -> -48.24326 | V75: =if(N75=1,1/(1+exp(U75-T75)),"") -> 0.68916382 | W75: =power((3300-O75)/200,1.6) -> 10.673153 | X75: =ln(1+exp((2300-O75)/80))/5 -> 0.039577629 | Y75: =if(N75=1,(W75*(S75-V75))*'Säännöt ja ohjeet'!$B$54+X75,"") -> -14.671525 | Z75: =-(S75-1) -> 1 | AA75: =1-V75 -> 0.31083618 | AB75: =power((3300-P75)/200,1.6) -> 12.803558 | AC75: =ln(1+exp((2300-P75)/80))/5 -> 0.11992532 | AD75: =if(N75=1,(AB75*(Z75-AA75))*'Säännöt ja ohjeet'!$B$54+AC75,"") -> 17.767423 | AE75: =10*if($E75=B75,1,-1)+min(10,rounddown((P75-O75)/50,0)-2*$D75*sign(P75-O75))+1 -> -11 | AF75: =10*if($E75=C75,1,-1)+min(10,rounddown((O75-P75)/50,0)-2*$D75*sign(O75-P75))+1 -> 13 | AI75: =if($B75=AI$3,AI74+$Y75,if($C75=AI$3,AI74+$AD75,AI74)) -> 2012.0565 | AJ75: =if($B75=AJ$3,AJ74+$Y75,if($C75=AJ$3,AJ74+$AD75,AJ74)) -> 1867.968 | AK75: =if($B75=AK$3,AK74+$Y75,if($C75=AK$3,AK74+$AD75,AK74)) -> 2406.8867 | AL75: =if($B75=AL$3,AL74+$Y75,if($C75=AL$3,AL74+$AD75,AL74)) -> 1622.5708 | AM75: =if($B75=AM$3,AM74+$Y75,if($C75=AM$3,AM74+$AD75,AM74)) -> 1789.5645 | AN75: =if($B75=AN$3,AN74+$Y75,if($C75=AN$3,AN74+$AD75,AN74)) -> 2333.5033 | AO75: =if($B75=AO$3,AO74+$Y75,if($C75=AO$3,AO74+$AD75,AO74)) -> 2279.0216 | AP75: =if($B75=AP$3,AP74+$Y75,if($C75=AP$3,AP74+$AD75,AP74)) -> 1721.5366 | ... ED75: =if($B75=ED$3,ED74+$Y75,if($C75=ED$3,ED74+$AD75,ED74)) -> #N/A | EE75: =sum(iferror(AI75:BH75,0))/count(AI75:BH75) -> 1659.8128
B76: Olli | C76: Peitsa | D76: 4 | E76: Olli | F76: 46236 | H76: =if(countblank(B76:E76)<4,TRUE,FALSE) -> TRUE | I76: =if(iferror(match(B76,'Osallistujat ja seuranta'!C:C,0),0)>0,TRUE,FALSE) -> TRUE | J76: =if(iferror(match(C76,'Osallistujat ja seuranta'!C:C,0),0)>0,TRUE,FALSE) -> TRUE | K76: =not(B76=C76) -> TRUE | L76: =or(E76=B76,E76=C76) -> TRUE | M76: =countblank(B76:E76)=0 -> TRUE | N76: =if(and(I76:M76),1,if(H76,0,"")) -> 1 | O76: =if(N76=1,index(75:75,1,match(B76,$3:$3,0)),"") -> 2406.8867 | P76: =if(N76=1,index(75:75,1,match(C76,$3:$3,0)),"") -> 1867.968 | Q76: =if(N76=1,O76-(P76+D76*100-if(D76>0,50,0))*N76,"") -> 188.91874 | R76: =if(N76=1,P76+D76*100-if(D76>0,50,0),"") -> 2217.968 | S76: =if(E76=B76,1,0) -> 1 | T76: =-7*ln(3300-O76) -> -47.562994 | U76: =-7*ln(3300-R76) -> -48.906172 | V76: =if(N76=1,1/(1+exp(U76-T76)),"") -> 0.79301214 | W76: =power((3300-O76)/200,1.6) -> 10.959796 | X76: =ln(1+exp((2300-O76)/80))/5 -> 0.046677864 | Y76: =if(N76=1,(W76*(S76-V76))*'Säännöt ja ohjeet'!$B$54+X76,"") -> 4.5837673 | Z76: =-(S76-1) -> 0 | AA76: =1-V76 -> 0.20698786 | AB76: =power((3300-P76)/200,1.6) -> 23.327939 | AC76: =ln(1+exp((2300-P76)/80))/5 -> 1.080981 | AD76: =if(N76=1,(AB76*(Z76-AA76))*'Säännöt ja ohjeet'!$B$54+AC76,"") -> -8.5762192 | AE76: =10*if($E76=B76,1,-1)+min(10,rounddown((P76-O76)/50,0)-2*$D76*sign(P76-O76))+1 -> 9 | AF76: =10*if($E76=C76,1,-1)+min(10,rounddown((O76-P76)/50,0)-2*$D76*sign(O76-P76))+1 -> -7 | AI76: =if($B76=AI$3,AI75+$Y76,if($C76=AI$3,AI75+$AD76,AI75)) -> 2012.0565 | AJ76: =if($B76=AJ$3,AJ75+$Y76,if($C76=AJ$3,AJ75+$AD76,AJ75)) -> 1859.3918 | AK76: =if($B76=AK$3,AK75+$Y76,if($C76=AK$3,AK75+$AD76,AK75)) -> 2411.4705 | AL76: =if($B76=AL$3,AL75+$Y76,if($C76=AL$3,AL75+$AD76,AL75)) -> 1622.5708 | AM76: =if($B76=AM$3,AM75+$Y76,if($C76=AM$3,AM75+$AD76,AM75)) -> 1789.5645 | AN76: =if($B76=AN$3,AN75+$Y76,if($C76=AN$3,AN75+$AD76,AN75)) -> 2333.5033 | AO76: =if($B76=AO$3,AO75+$Y76,if($C76=AO$3,AO75+$AD76,AO75)) -> 2279.0216 | AP76: =if($B76=AP$3,AP75+$Y76,if($C76=AP$3,AP75+$AD76,AP75)) -> 1721.5366 | ... ED76: =if($B76=ED$3,ED75+$Y76,if($C76=ED$3,ED75+$AD76,ED75)) -> #N/A | EE76: =sum(iferror(AI76:BH76,0))/count(AI76:BH76) -> 1659.6227
B77: Jussa | C77: Peitsa | D77: 0 | E77: Jussa | F77: 46250 | H77: =if(countblank(B77:E77)<4,TRUE,FALSE) -> TRUE | I77: =if(iferror(match(B77,'Osallistujat ja seuranta'!C:C,0),0)>0,TRUE,FALSE) -> TRUE | J77: =if(iferror(match(C77,'Osallistujat ja seuranta'!C:C,0),0)>0,TRUE,FALSE) -> TRUE | K77: =not(B77=C77) -> TRUE | L77: =or(E77=B77,E77=C77) -> TRUE | M77: =countblank(B77:E77)=0 -> TRUE | N77: =if(and(I77:M77),1,if(H77,0,"")) -> 1 | O77: =if(N77=1,index(76:76,1,match(B77,$3:$3,0)),"") -> 2012.0565 | P77: =if(N77=1,index(76:76,1,match(C77,$3:$3,0)),"") -> 1859.3918 | Q77: =if(N77=1,O77-(P77+D77*100-if(D77>0,50,0))*N77,"") -> 152.66471 | R77: =if(N77=1,P77+D77*100-if(D77>0,50,0),"") -> 1859.3918 | S77: =if(E77=B77,1,0) -> 1 | T77: =-7*ln(3300-O77) -> -50.125614 | U77: =-7*ln(3300-R77) -> -50.909745 | V77: =if(N77=1,1/(1+exp(U77-T77)),"") -> 0.68656963 | W77: =power((3300-O77)/200,1.6) -> 19.687334 | X77: =ln(1+exp((2300-O77)/80))/5 -> 0.72525399 | Y77: =if(N77=1,(W77*(S77-V77))*'Säännöt ja ohjeet'!$B$54+X77,"") -> 13.066471 | Z77: =-(S77-1) -> 0 | AA77: =1-V77 -> 0.31343037 | AB77: =power((3300-P77)/200,1.6) -> 23.551872 | AC77: =ln(1+exp((2300-P77)/80))/5 -> 1.1023301 | AD77: =if(N77=1,(AB77*(Z77-AA77))*'Säännöt ja ohjeet'!$B$54+AC77,"") -> -13.661414 | AE77: =10*if($E77=B77,1,-1)+min(10,rounddown((P77-O77)/50,0)-2*$D77*sign(P77-O77))+1 -> 8 | AF77: =10*if($E77=C77,1,-1)+min(10,rounddown((O77-P77)/50,0)-2*$D77*sign(O77-P77))+1 -> -6 | AI77: =if($B77=AI$3,AI76+$Y77,if($C77=AI$3,AI76+$AD77,AI76)) -> 2025.1229 | AJ77: =if($B77=AJ$3,AJ76+$Y77,if($C77=AJ$3,AJ76+$AD77,AJ76)) -> 1845.7304 | AK77: =if($B77=AK$3,AK76+$Y77,if($C77=AK$3,AK76+$AD77,AK76)) -> 2411.4705 | AL77: =if($B77=AL$3,AL76+$Y77,if($C77=AL$3,AL76+$AD77,AL76)) -> 1622.5708 | AM77: =if($B77=AM$3,AM76+$Y77,if($C77=AM$3,AM76+$AD77,AM76)) -> 1789.5645 | AN77: =if($B77=AN$3,AN76+$Y77,if($C77=AN$3,AN76+$AD77,AN76)) -> 2333.5033 | AO77: =if($B77=AO$3,AO76+$Y77,if($C77=AO$3,AO76+$AD77,AO76)) -> 2279.0216 | AP77: =if($B77=AP$3,AP76+$Y77,if($C77=AP$3,AP76+$AD77,AP76)) -> 1721.5366 | ... ED77: =if($B77=ED$3,ED76+$Y77,if($C77=ED$3,ED76+$AD77,ED76)) -> #N/A | EE77: =sum(iferror(AI77:BH77,0))/count(AI77:BH77) -> 1659.5943
B78: Jussa | C78: Janne L | D78: 0 | E78: Jussa | F78: 46250 | H78: =if(countblank(B78:E78)<4,TRUE,FALSE) -> TRUE | I78: =if(iferror(match(B78,'Osallistujat ja seuranta'!C:C,0),0)>0,TRUE,FALSE) -> TRUE | J78: =if(iferror(match(C78,'Osallistujat ja seuranta'!C:C,0),0)>0,TRUE,FALSE) -> TRUE | K78: =not(B78=C78) -> TRUE | L78: =or(E78=B78,E78=C78) -> TRUE | M78: =countblank(B78:E78)=0 -> TRUE | N78: =if(and(I78:M78),1,if(H78,0,"")) -> 1 | O78: =if(N78=1,index(77:77,1,match(B78,$3:$3,0)),"") -> 2025.1229 | P78: =if(N78=1,index(77:77,1,match(C78,$3:$3,0)),"") -> 1162.348 | Q78: =if(N78=1,O78-(P78+D78*100-if(D78>0,50,0))*N78,"") -> 862.77496 | R78: =if(N78=1,P78+D78*100-if(D78>0,50,0),"") -> 1162.348 | S78: =if(E78=B78,1,0) -> 1 | T78: =-7*ln(3300-O78) -> -50.054235 | U78: =-7*ln(3300-R78) -> -53.672243 | V78: =if(N78=1,1/(1+exp(U78-T78)),"") -> 0.97386527 | W78: =power((3300-O78)/200,1.6) -> 19.368737 | X78: =ln(1+exp((2300-O78)/80))/5 -> 0.69353004 | Y78: =if(N78=1,(W78*(S78-V78))*'Säännöt ja ohjeet'!$B$54+X78,"") -> 1.7059233 | Z78: =-(S78-1) -> 0 | AA78: =1-V78 -> 0.026134726 | AB78: =power((3300-P78)/200,1.6) -> 44.284447 | AC78: =ln(1+exp((2300-P78)/80))/5 -> 2.8441302 | AD78: =if(N78=1,(AB78*(Z78-AA78))*'Säännöt ja ohjeet'!$B$54+AC78,"") -> 0.52940645 | AE78: =10*if($E78=B78,1,-1)+min(10,rounddown((P78-O78)/50,0)-2*$D78*sign(P78-O78))+1 -> -6 | AF78: =10*if($E78=C78,1,-1)+min(10,rounddown((O78-P78)/50,0)-2*$D78*sign(O78-P78))+1 -> 1 | AI78: =if($B78=AI$3,AI77+$Y78,if($C78=AI$3,AI77+$AD78,AI77)) -> 2026.8289 | AJ78: =if($B78=AJ$3,AJ77+$Y78,if($C78=AJ$3,AJ77+$AD78,AJ77)) -> 1845.7304 | AK78: =if($B78=AK$3,AK77+$Y78,if($C78=AK$3,AK77+$AD78,AK77)) -> 2411.4705 | AL78: =if($B78=AL$3,AL77+$Y78,if($C78=AL$3,AL77+$AD78,AL77)) -> 1622.5708 | AM78: =if($B78=AM$3,AM77+$Y78,if($C78=AM$3,AM77+$AD78,AM77)) -> 1789.5645 | AN78: =if($B78=AN$3,AN77+$Y78,if($C78=AN$3,AN77+$AD78,AN77)) -> 2333.5033 | AO78: =if($B78=AO$3,AO77+$Y78,if($C78=AO$3,AO77+$AD78,AO77)) -> 2279.0216 | AP78: =if($B78=AP$3,AP77+$Y78,if($C78=AP$3,AP77+$AD78,AP77)) -> 1721.5366 | ... ED78: =if($B78=ED$3,ED77+$Y78,if($C78=ED$3,ED77+$AD78,ED77)) -> #N/A | EE78: =sum(iferror(AI78:BH78,0))/count(AI78:BH78) -> 1659.7008
B79: Olli | C79: Jussa | D79: 3 | E79: Olli | F79: 46253 | H79: =if(countblank(B79:E79)<4,TRUE,FALSE) -> TRUE | I79: =if(iferror(match(B79,'Osallistujat ja seuranta'!C:C,0),0)>0,TRUE,FALSE) -> TRUE | J79: =if(iferror(match(C79,'Osallistujat ja seuranta'!C:C,0),0)>0,TRUE,FALSE) -> TRUE | K79: =not(B79=C79) -> TRUE | L79: =or(E79=B79,E79=C79) -> TRUE | M79: =countblank(B79:E79)=0 -> TRUE | N79: =if(and(I79:M79),1,if(H79,0,"")) -> 1 | O79: =if(N79=1,index(78:78,1,match(B79,$3:$3,0)),"") -> 2411.4705 | P79: =if(N79=1,index(78:78,1,match(C79,$3:$3,0)),"") -> 2026.8289 | Q79: =if(N79=1,O79-(P79+D79*100-if(D79>0,50,0))*N79,"") -> 134.64162 | R79: =if(N79=1,P79+D79*100-if(D79>0,50,0),"") -> 2276.8289 | S79: =if(E79=B79,1,0) -> 1 | T79: =-7*ln(3300-O79) -> -47.526975 | U79: =-7*ln(3300-R79) -> -48.514634 | V79: =if(N79=1,1/(1+exp(U79-T79)),"") -> 0.72862533 | W79: =power((3300-O79)/200,1.6) -> 10.869936 | X79: =ln(1+exp((2300-O79)/80))/5 -> 0.04434604 | Y79: =if(N79=1,(W79*(S79-V79))*'Säännöt ja ohjeet'!$B$54+X79,"") -> 5.9439964 | Z79: =-(S79-1) -> 0 | AA79: =1-V79 -> 0.27137467 | AB79: =power((3300-P79)/200,1.6) -> 19.327285 | AC79: =ln(1+exp((2300-P79)/80))/5 -> 0.68939963 | AD79: =if(N79=1,(AB79*(Z79-AA79))*'Säännöt ja ohjeet'!$B$54+AC79,"") -> -9.8004716 | AE79: =10*if($E79=B79,1,-1)+min(10,rounddown((P79-O79)/50,0)-2*$D79*sign(P79-O79))+1 -> 10 | AF79: =10*if($E79=C79,1,-1)+min(10,rounddown((O79-P79)/50,0)-2*$D79*sign(O79-P79))+1 -> -8 | AI79: =if($B79=AI$3,AI78+$Y79,if($C79=AI$3,AI78+$AD79,AI78)) -> 2017.0284 | AJ79: =if($B79=AJ$3,AJ78+$Y79,if($C79=AJ$3,AJ78+$AD79,AJ78)) -> 1845.7304 | AK79: =if($B79=AK$3,AK78+$Y79,if($C79=AK$3,AK78+$AD79,AK78)) -> 2417.4145 | AL79: =if($B79=AL$3,AL78+$Y79,if($C79=AL$3,AL78+$AD79,AL78)) -> 1622.5708 | AM79: =if($B79=AM$3,AM78+$Y79,if($C79=AM$3,AM78+$AD79,AM78)) -> 1789.5645 | AN79: =if($B79=AN$3,AN78+$Y79,if($C79=AN$3,AN78+$AD79,AN78)) -> 2333.5033 | AO79: =if($B79=AO$3,AO78+$Y79,if($C79=AO$3,AO78+$AD79,AO78)) -> 2279.0216 | AP79: =if($B79=AP$3,AP78+$Y79,if($C79=AP$3,AP78+$AD79,AP78)) -> 1721.5366 | ... ED79: =if($B79=ED$3,ED78+$Y79,if($C79=ED$3,ED78+$AD79,ED78)) -> #N/A | EE79: =sum(iferror(AI79:BH79,0))/count(AI79:BH79) -> 1659.5171
B80: Olli | C80: Jussa | D80: 0 | E80: Olli | F80: 46258 | H80: =if(countblank(B80:E80)<4,TRUE,FALSE) -> TRUE | I80: =if(iferror(match(B80,'Osallistujat ja seuranta'!C:C,0),0)>0,TRUE,FALSE) -> TRUE | J80: =if(iferror(match(C80,'Osallistujat ja seuranta'!C:C,0),0)>0,TRUE,FALSE) -> TRUE | K80: =not(B80=C80) -> TRUE | L80: =or(E80=B80,E80=C80) -> TRUE | M80: =countblank(B80:E80)=0 -> TRUE | N80: =if(and(I80:M80),1,if(H80,0,"")) -> 1 | O80: =if(N80=1,index(79:79,1,match(B80,$3:$3,0)),"") -> 2417.4145 | P80: =if(N80=1,index(79:79,1,match(C80,$3:$3,0)),"") -> 2017.0284 | Q80: =if(N80=1,O80-(P80+D80*100-if(D80>0,50,0))*N80,"") -> 400.38609 | R80: =if(N80=1,P80+D80*100-if(D80>0,50,0),"") -> 2017.0284 | S80: =if(E80=B80,1,0) -> 1 | T80: =-7*ln(3300-O80) -> -47.47999 | U80: =-7*ln(3300-R80) -> -50.09854 | V80: =if(N80=1,1/(1+exp(U80-T80)),"") -> 0.93204592 | W80: =power((3300-O80)/200,1.6) -> 10.753823 | X80: =ln(1+exp((2300-O80)/80))/5 -> 0.041477498 | Y80: =if(N80=1,(W80*(S80-V80))*'Säännöt ja ohjeet'!$B$54+X80,"") -> 1.5030098 | Z80: =-(S80-1) -> 0 | AA80: =1-V80 -> 0.067954083 | AB80: =power((3300-P80)/200,1.6) -> 19.565875 | AC80: =ln(1+exp((2300-P80)/80))/5 -> 0.71316521 | AD80: =if(N80=1,(AB80*(Z80-AA80))*'Säännöt ja ohjeet'!$B$54+AC80,"") -> -1.945997 | AE80: =10*if($E80=B80,1,-1)+min(10,rounddown((P80-O80)/50,0)-2*$D80*sign(P80-O80))+1 -> 3 | AF80: =10*if($E80=C80,1,-1)+min(10,rounddown((O80-P80)/50,0)-2*$D80*sign(O80-P80))+1 -> -1 | AI80: =if($B80=AI$3,AI79+$Y80,if($C80=AI$3,AI79+$AD80,AI79)) -> 2015.0824 | AJ80: =if($B80=AJ$3,AJ79+$Y80,if($C80=AJ$3,AJ79+$AD80,AJ79)) -> 1845.7304 | AK80: =if($B80=AK$3,AK79+$Y80,if($C80=AK$3,AK79+$AD80,AK79)) -> 2418.9175 | AL80: =if($B80=AL$3,AL79+$Y80,if($C80=AL$3,AL79+$AD80,AL79)) -> 1622.5708 | AM80: =if($B80=AM$3,AM79+$Y80,if($C80=AM$3,AM79+$AD80,AM79)) -> 1789.5645 | AN80: =if($B80=AN$3,AN79+$Y80,if($C80=AN$3,AN79+$AD80,AN79)) -> 2333.5033 | AO80: =if($B80=AO$3,AO79+$Y80,if($C80=AO$3,AO79+$AD80,AO79)) -> 2279.0216 | AP80: =if($B80=AP$3,AP79+$Y80,if($C80=AP$3,AP79+$AD80,AP79)) -> 1721.5366 | ... ED80: =if($B80=ED$3,ED79+$Y80,if($C80=ED$3,ED79+$AD80,ED79)) -> #N/A | EE80: =sum(iferror(AI80:BH80,0))/count(AI80:BH80) -> 1659.4961
B81: Jussa | C81: Lauri | D81: 0 | E81: Lauri | F81: 46258 | H81: =if(countblank(B81:E81)<4,TRUE,FALSE) -> TRUE | I81: =if(iferror(match(B81,'Osallistujat ja seuranta'!C:C,0),0)>0,TRUE,FALSE) -> TRUE | J81: =if(iferror(match(C81,'Osallistujat ja seuranta'!C:C,0),0)>0,TRUE,FALSE) -> TRUE | K81: =not(B81=C81) -> TRUE | L81: =or(E81=B81,E81=C81) -> TRUE | M81: =countblank(B81:E81)=0 -> TRUE | N81: =if(and(I81:M81),1,if(H81,0,"")) -> 1 | O81: =if(N81=1,index(80:80,1,match(B81,$3:$3,0)),"") -> 2015.0824 | P81: =if(N81=1,index(80:80,1,match(C81,$3:$3,0)),"") -> 1622.5708 | Q81: =if(N81=1,O81-(P81+D81*100-if(D81>0,50,0))*N81,"") -> 392.5116 | R81: =if(N81=1,P81+D81*100-if(D81>0,50,0),"") -> 1622.5708 | S81: =if(E81=B81,1,0) -> 0 | T81: =-7*ln(3300-O81) -> -50.109149 | U81: =-7*ln(3300-R81) -> -51.975124 | V81: =if(N81=1,1/(1+exp(U81-T81)),"") -> 0.86599181 | W81: =power((3300-O81)/200,1.6) -> 19.61338 | X81: =ln(1+exp((2300-O81)/80))/5 -> 0.71789426 | Y81: =if(N81=1,(W81*(S81-V81))*'Säännöt ja ohjeet'!$B$54+X81,"") -> -33.252159 | Z81: =-(S81-1) -> 1 | AA81: =1-V81 -> 0.13400819 | AB81: =power((3300-P81)/200,1.6) -> 30.045727 | AC81: =ln(1+exp((2300-P81)/80))/5 -> 1.693615 | AD81: =if(N81=1,(AB81*(Z81-AA81))*'Säännöt ja ohjeet'!$B$54+AC81,"") -> 53.732323 | AE81: =10*if($E81=B81,1,-1)+min(10,rounddown((P81-O81)/50,0)-2*$D81*sign(P81-O81))+1 -> -16 | AF81: =10*if($E81=C81,1,-1)+min(10,rounddown((O81-P81)/50,0)-2*$D81*sign(O81-P81))+1 -> 18 | AI81: =if($B81=AI$3,AI80+$Y81,if($C81=AI$3,AI80+$AD81,AI80)) -> 1981.8302 | AJ81: =if($B81=AJ$3,AJ80+$Y81,if($C81=AJ$3,AJ80+$AD81,AJ80)) -> 1845.7304 | AK81: =if($B81=AK$3,AK80+$Y81,if($C81=AK$3,AK80+$AD81,AK80)) -> 2418.9175 | AL81: =if($B81=AL$3,AL80+$Y81,if($C81=AL$3,AL80+$AD81,AL80)) -> 1676.3031 | AM81: =if($B81=AM$3,AM80+$Y81,if($C81=AM$3,AM80+$AD81,AM80)) -> 1789.5645 | AN81: =if($B81=AN$3,AN80+$Y81,if($C81=AN$3,AN80+$AD81,AN80)) -> 2333.5033 | AO81: =if($B81=AO$3,AO80+$Y81,if($C81=AO$3,AO80+$AD81,AO80)) -> 2279.0216 | AP81: =if($B81=AP$3,AP80+$Y81,if($C81=AP$3,AP80+$AD81,AP80)) -> 1721.5366 | ... ED81: =if($B81=ED$3,ED80+$Y81,if($C81=ED$3,ED80+$AD81,ED80)) -> #N/A | EE81: =sum(iferror(AI81:BH81,0))/count(AI81:BH81) -> 1660.4713
B82: Olli | C82: Timo | D82: 0 | E82: Olli | F82: 46278 | H82: =if(countblank(B82:E82)<4,TRUE,FALSE) -> TRUE | I82: =if(iferror(match(B82,'Osallistujat ja seuranta'!C:C,0),0)>0,TRUE,FALSE) -> TRUE | J82: =if(iferror(match(C82,'Osallistujat ja seuranta'!C:C,0),0)>0,TRUE,FALSE) -> TRUE | K82: =not(B82=C82) -> TRUE | L82: =or(E82=B82,E82=C82) -> TRUE | M82: =countblank(B82:E82)=0 -> TRUE | N82: =if(and(I82:M82),1,if(H82,0,"")) -> 1 | O82: =if(N82=1,index(81:81,1,match(B82,$3:$3,0)),"") -> 2418.9175 | P82: =if(N82=1,index(81:81,1,match(C82,$3:$3,0)),"") -> 2333.5033 | Q82: =if(N82=1,O82-(P82+D82*100-if(D82>0,50,0))*N82,"") -> 85.414229 | R82: =if(N82=1,P82+D82*100-if(D82>0,50,0),"") -> 2333.5033 | S82: =if(E82=B82,1,0) -> 1 | T82: =-7*ln(3300-O82) -> -47.468059 | U82: =-7*ln(3300-R82) -> -48.115745 | V82: =if(N82=1,1/(1+exp(U82-T82)),"") -> 0.65648894 | W82: =power((3300-O82)/200,1.6) -> 10.724536 | X82: =ln(1+exp((2300-O82)/80))/5 -> 0.040779083 | Y82: =if(N82=1,(W82*(S82-V82))*'Säännöt ja ohjeet'!$B$54+X82,"") -> 7.4087728 | Z82: =-(S82-1) -> 0 | AA82: =1-V82 -> 0.34351106 | AB82: =power((3300-P82)/200,1.6) -> 12.435768 | AC82: =ln(1+exp((2300-P82)/80))/5 -> 0.10110332 | AD82: =if(N82=1,(AB82*(Z82-AA82))*'Säännöt ja ohjeet'!$B$54+AC82,"") -> -8.4425447 | AE82: =10*if($E82=B82,1,-1)+min(10,rounddown((P82-O82)/50,0)-2*$D82*sign(P82-O82))+1 -> 10 | AF82: =10*if($E82=C82,1,-1)+min(10,rounddown((O82-P82)/50,0)-2*$D82*sign(O82-P82))+1 -> -8 | AI82: =if($B82=AI$3,AI81+$Y82,if($C82=AI$3,AI81+$AD82,AI81)) -> 1981.8302 | AJ82: =if($B82=AJ$3,AJ81+$Y82,if($C82=AJ$3,AJ81+$AD82,AJ81)) -> 1845.7304 | AK82: =if($B82=AK$3,AK81+$Y82,if($C82=AK$3,AK81+$AD82,AK81)) -> 2426.3263 | AL82: =if($B82=AL$3,AL81+$Y82,if($C82=AL$3,AL81+$AD82,AL81)) -> 1676.3031 | AM82: =if($B82=AM$3,AM81+$Y82,if($C82=AM$3,AM81+$AD82,AM81)) -> 1789.5645 | AN82: =if($B82=AN$3,AN81+$Y82,if($C82=AN$3,AN81+$AD82,AN81)) -> 2325.0607 | AO82: =if($B82=AO$3,AO81+$Y82,if($C82=AO$3,AO81+$AD82,AO81)) -> 2279.0216 | AP82: =if($B82=AP$3,AP81+$Y82,if($C82=AP$3,AP81+$AD82,AP81)) -> 1721.5366 | ... ED82: =if($B82=ED$3,ED81+$Y82,if($C82=ED$3,ED81+$AD82,ED81)) -> #N/A | EE82: =sum(iferror(AI82:BH82,0))/count(AI82:BH82) -> 1660.4221
B83: Jussa | C83: Tim | D83: 0 | E83: Jussa | F83: 46278 | H83: =if(countblank(B83:E83)<4,TRUE,FALSE) -> TRUE | I83: =if(iferror(match(B83,'Osallistujat ja seuranta'!C:C,0),0)>0,TRUE,FALSE) -> TRUE | J83: =if(iferror(match(C83,'Osallistujat ja seuranta'!C:C,0),0)>0,TRUE,FALSE) -> TRUE | K83: =not(B83=C83) -> TRUE | L83: =or(E83=B83,E83=C83) -> TRUE | M83: =countblank(B83:E83)=0 -> TRUE | N83: =if(and(I83:M83),1,if(H83,0,"")) -> 1 | O83: =if(N83=1,index(82:82,1,match(B83,$3:$3,0)),"") -> 1981.8302 | P83: =if(N83=1,index(82:82,1,match(C83,$3:$3,0)),"") -> 1789.5645 | Q83: =if(N83=1,O83-(P83+D83*100-if(D83>0,50,0))*N83,"") -> 192.26574 | R83: =if(N83=1,P83+D83*100-if(D83>0,50,0),"") -> 1789.5645 | S83: =if(E83=B83,1,0) -> 1 | T83: =-7*ln(3300-O83) -> -50.287997 | U83: =-7*ln(3300-R83) -> -51.241073 | V83: =if(N83=1,1/(1+exp(U83-T83)),"") -> 0.72173347 | W83: =power((3300-O83)/200,1.6) -> 20.431778 | X83: =ln(1+exp((2300-O83)/80))/5 -> 0.79913761 | Y83: =if(N83=1,(W83*(S83-V83))*'Säännöt ja ohjeet'!$B$54+X83,"") -> 12.170097 | Z83: =-(S83-1) -> 0 | AA83: =1-V83 -> 0.27826653 | AB83: =power((3300-P83)/200,1.6) -> 25.404784 | AC83: =ln(1+exp((2300-P83)/80))/5 -> 1.2764273 | AD83: =if(N83=1,(AB83*(Z83-AA83))*'Säännöt ja ohjeet'!$B$54+AC83,"") -> -12.862175 | AE83: =10*if($E83=B83,1,-1)+min(10,rounddown((P83-O83)/50,0)-2*$D83*sign(P83-O83))+1 -> 8 | AF83: =10*if($E83=C83,1,-1)+min(10,rounddown((O83-P83)/50,0)-2*$D83*sign(O83-P83))+1 -> -6 | AI83: =if($B83=AI$3,AI82+$Y83,if($C83=AI$3,AI82+$AD83,AI82)) -> 1994.0003 | AJ83: =if($B83=AJ$3,AJ82+$Y83,if($C83=AJ$3,AJ82+$AD83,AJ82)) -> 1845.7304 | AK83: =if($B83=AK$3,AK82+$Y83,if($C83=AK$3,AK82+$AD83,AK82)) -> 2426.3263 | AL83: =if($B83=AL$3,AL82+$Y83,if($C83=AL$3,AL82+$AD83,AL82)) -> 1676.3031 | AM83: =if($B83=AM$3,AM82+$Y83,if($C83=AM$3,AM82+$AD83,AM82)) -> 1776.7023 | AN83: =if($B83=AN$3,AN82+$Y83,if($C83=AN$3,AN82+$AD83,AN82)) -> 2325.0607 | AO83: =if($B83=AO$3,AO82+$Y83,if($C83=AO$3,AO82+$AD83,AO82)) -> 2279.0216 | AP83: =if($B83=AP$3,AP82+$Y83,if($C83=AP$3,AP82+$AD83,AP82)) -> 1721.5366 | ... ED83: =if($B83=ED$3,ED82+$Y83,if($C83=ED$3,ED82+$AD83,ED82)) -> #N/A | EE83: =sum(iferror(AI83:BH83,0))/count(AI83:BH83) -> 1660.3891
B84: Olli | C84: Tim | D84: 2 | E84: Olli | F84: 46278 | H84: =if(countblank(B84:E84)<4,TRUE,FALSE) -> TRUE | I84: =if(iferror(match(B84,'Osallistujat ja seuranta'!C:C,0),0)>0,TRUE,FALSE) -> TRUE | J84: =if(iferror(match(C84,'Osallistujat ja seuranta'!C:C,0),0)>0,TRUE,FALSE) -> TRUE | K84: =not(B84=C84) -> TRUE | L84: =or(E84=B84,E84=C84) -> TRUE | M84: =countblank(B84:E84)=0 -> TRUE | N84: =if(and(I84:M84),1,if(H84,0,"")) -> 1 | O84: =if(N84=1,index(83:83,1,match(B84,$3:$3,0)),"") -> 2426.3263 | P84: =if(N84=1,index(83:83,1,match(C84,$3:$3,0)),"") -> 1776.7023 | Q84: =if(N84=1,O84-(P84+D84*100-if(D84>0,50,0))*N84,"") -> 499.62394 | R84: =if(N84=1,P84+D84*100-if(D84>0,50,0),"") -> 1926.7023 | S84: =if(E84=B84,1,0) -> 1 | T84: =-7*ln(3300-O84) -> -47.408949 | U84: =-7*ln(3300-R84) -> -50.574791 | V84: =if(N84=1,1/(1+exp(U84-T84)),"") -> 0.95952843 | W84: =power((3300-O84)/200,1.6) -> 10.580613 | X84: =ln(1+exp((2300-O84)/80))/5 -> 0.037489183 | Y84: =if(N84=1,(W84*(S84-V84))*'Säännöt ja ohjeet'!$B$54+X84,"") -> 0.89391716 | Z84: =-(S84-1) -> 0 | AA84: =1-V84 -> 0.040471565 | AB84: =power((3300-P84)/200,1.6) -> 25.751804 | AC84: =ln(1+exp((2300-P84)/80))/5 -> 1.3085325 | AD84: =if(N84=1,(AB84*(Z84-AA84))*'Säännöt ja ohjeet'!$B$54+AC84,"") -> -0.77589909 | AE84: =10*if($E84=B84,1,-1)+min(10,rounddown((P84-O84)/50,0)-2*$D84*sign(P84-O84))+1 -> 3 | AF84: =10*if($E84=C84,1,-1)+min(10,rounddown((O84-P84)/50,0)-2*$D84*sign(O84-P84))+1 -> -1 | AI84: =if($B84=AI$3,AI83+$Y84,if($C84=AI$3,AI83+$AD84,AI83)) -> 1994.0003 | AJ84: =if($B84=AJ$3,AJ83+$Y84,if($C84=AJ$3,AJ83+$AD84,AJ83)) -> 1845.7304 | AK84: =if($B84=AK$3,AK83+$Y84,if($C84=AK$3,AK83+$AD84,AK83)) -> 2427.2202 | AL84: =if($B84=AL$3,AL83+$Y84,if($C84=AL$3,AL83+$AD84,AL83)) -> 1676.3031 | AM84: =if($B84=AM$3,AM83+$Y84,if($C84=AM$3,AM83+$AD84,AM83)) -> 1775.9264 | AN84: =if($B84=AN$3,AN83+$Y84,if($C84=AN$3,AN83+$AD84,AN83)) -> 2325.0607 | AO84: =if($B84=AO$3,AO83+$Y84,if($C84=AO$3,AO83+$AD84,AO83)) -> 2279.0216 | AP84: =if($B84=AP$3,AP83+$Y84,if($C84=AP$3,AP83+$AD84,AP83)) -> 1721.5366 | ... ED84: =if($B84=ED$3,ED83+$Y84,if($C84=ED$3,ED83+$AD84,ED83)) -> #N/A | EE84: =sum(iferror(AI84:BH84,0))/count(AI84:BH84) -> 1660.3947
B85: Timo | C85: Janne L | D85: 9 | E85: Janne L | F85: 46278 | H85: =if(countblank(B85:E85)<4,TRUE,FALSE) -> TRUE | I85: =if(iferror(match(B85,'Osallistujat ja seuranta'!C:C,0),0)>0,TRUE,FALSE) -> TRUE | J85: =if(iferror(match(C85,'Osallistujat ja seuranta'!C:C,0),0)>0,TRUE,FALSE) -> TRUE | K85: =not(B85=C85) -> TRUE | L85: =or(E85=B85,E85=C85) -> TRUE | M85: =countblank(B85:E85)=0 -> TRUE | N85: =if(and(I85:M85),1,if(H85,0,"")) -> 1 | O85: =if(N85=1,index(84:84,1,match(B85,$3:$3,0)),"") -> 2325.0607 | P85: =if(N85=1,index(84:84,1,match(C85,$3:$3,0)),"") -> 1162.8774 | Q85: =if(N85=1,O85-(P85+D85*100-if(D85>0,50,0))*N85,"") -> 312.18334 | R85: =if(N85=1,P85+D85*100-if(D85>0,50,0),"") -> 2012.8774 | S85: =if(E85=B85,1,0) -> 0 | T85: =-7*ln(3300-O85) -> -48.176626 | U85: =-7*ln(3300-R85) -> -50.121151 | V85: =if(N85=1,1/(1+exp(U85-T85)),"") -> 0.87484842 | W85: =power((3300-O85)/200,1.6) -> 12.61003 | X85: =ln(1+exp((2300-O85)/80))/5 -> 0.10974684 | Y85: =if(N85=1,(W85*(S85-V85))*'Säännöt ja ohjeet'!$B$54+X85,"") -> -21.953982 | Z85: =-(S85-1) -> 1 | AA85: =1-V85 -> 0.12515158 | AB85: =power((3300-P85)/200,1.6) -> 44.2669 | AC85: =ln(1+exp((2300-P85)/80))/5 -> 2.8428067 | AD85: =if(N85=1,(AB85*(Z85-AA85))*'Säännöt ja ohjeet'!$B$54+AC85,"") -> 80.296462 | AE85: =10*if($E85=B85,1,-1)+min(10,rounddown((P85-O85)/50,0)-2*$D85*sign(P85-O85))+1 -> -14 | AF85: =10*if($E85=C85,1,-1)+min(10,rounddown((O85-P85)/50,0)-2*$D85*sign(O85-P85))+1 -> 16 | AI85: =if($B85=AI$3,AI84+$Y85,if($C85=AI$3,AI84+$AD85,AI84)) -> 1994.0003 | AJ85: =if($B85=AJ$3,AJ84+$Y85,if($C85=AJ$3,AJ84+$AD85,AJ84)) -> 1845.7304 | AK85: =if($B85=AK$3,AK84+$Y85,if($C85=AK$3,AK84+$AD85,AK84)) -> 2427.2202 | AL85: =if($B85=AL$3,AL84+$Y85,if($C85=AL$3,AL84+$AD85,AL84)) -> 1676.3031 | AM85: =if($B85=AM$3,AM84+$Y85,if($C85=AM$3,AM84+$AD85,AM84)) -> 1775.9264 | AN85: =if($B85=AN$3,AN84+$Y85,if($C85=AN$3,AN84+$AD85,AN84)) -> 2303.1067 | AO85: =if($B85=AO$3,AO84+$Y85,if($C85=AO$3,AO84+$AD85,AO84)) -> 2279.0216 | AP85: =if($B85=AP$3,AP84+$Y85,if($C85=AP$3,AP84+$AD85,AP84)) -> 1721.5366 | ... ED85: =if($B85=ED$3,ED84+$Y85,if($C85=ED$3,ED84+$AD85,ED84)) -> #N/A | EE85: =sum(iferror(AI85:BH85,0))/count(AI85:BH85) -> 1663.173
B86: Jussa | C86: Vincent | D86: 0 | E86: Jussa | F86: 46285 | H86: =if(countblank(B86:E86)<4,TRUE,FALSE) -> TRUE | I86: =if(iferror(match(B86,'Osallistujat ja seuranta'!C:C,0),0)>0,TRUE,FALSE) -> TRUE | J86: =if(iferror(match(C86,'Osallistujat ja seuranta'!C:C,0),0)>0,TRUE,FALSE) -> TRUE | K86: =not(B86=C86) -> TRUE | L86: =or(E86=B86,E86=C86) -> TRUE | M86: =countblank(B86:E86)=0 -> TRUE | N86: =if(and(I86:M86),1,if(H86,0,"")) -> 1 | O86: =if(N86=1,index(85:85,1,match(B86,$3:$3,0)),"") -> 1994.0003 | P86: =if(N86=1,index(85:85,1,match(C86,$3:$3,0)),"") -> 1769.0802 | Q86: =if(N86=1,O86-(P86+D86*100-if(D86>0,50,0))*N86,"") -> 224.92014 | R86: =if(N86=1,P86+D86*100-if(D86>0,50,0),"") -> 1769.0802 | S86: =if(E86=B86,1,0) -> 1 | T86: =-7*ln(3300-O86) -> -50.223068 | U86: =-7*ln(3300-R86) -> -51.335368 | V86: =if(N86=1,1/(1+exp(U86-T86)),"") -> 0.7525576 | W86: =power((3300-O86)/200,1.6) -> 20.130794 | X86: =ln(1+exp((2300-O86)/80))/5 -> 0.76931593 | Y86: =if(N86=1,(W86*(S86-V86))*'Säännöt ja ohjeet'!$B$54+X86,"") -> 10.73174 | Z86: =-(S86-1) -> 0 | AA86: =1-V86 -> 0.2474424 | AB86: =power((3300-P86)/200,1.6) -> 25.95828 | AC86: =ln(1+exp((2300-P86)/80))/5 -> 1.3275616 | AD86: =if(N86=1,(AB86*(Z86-AA86))*'Säännöt ja ohjeet'!$B$54+AC86,"") -> -11.518797 | AE86: =10*if($E86=B86,1,-1)+min(10,rounddown((P86-O86)/50,0)-2*$D86*sign(P86-O86))+1 -> 7 | AF86: =10*if($E86=C86,1,-1)+min(10,rounddown((O86-P86)/50,0)-2*$D86*sign(O86-P86))+1 -> -5 | AI86: =if($B86=AI$3,AI85+$Y86,if($C86=AI$3,AI85+$AD86,AI85)) -> 2004.7321 | AJ86: =if($B86=AJ$3,AJ85+$Y86,if($C86=AJ$3,AJ85+$AD86,AJ85)) -> 1845.7304 | AK86: =if($B86=AK$3,AK85+$Y86,if($C86=AK$3,AK85+$AD86,AK85)) -> 2427.2202 | AL86: =if($B86=AL$3,AL85+$Y86,if($C86=AL$3,AL85+$AD86,AL85)) -> 1676.3031 | AM86: =if($B86=AM$3,AM85+$Y86,if($C86=AM$3,AM85+$AD86,AM85)) -> 1775.9264 | AN86: =if($B86=AN$3,AN85+$Y86,if($C86=AN$3,AN85+$AD86,AN85)) -> 2303.1067 | AO86: =if($B86=AO$3,AO85+$Y86,if($C86=AO$3,AO85+$AD86,AO85)) -> 2279.0216 | AP86: =if($B86=AP$3,AP85+$Y86,if($C86=AP$3,AP85+$AD86,AP85)) -> 1721.5366 | ... ED86: =if($B86=ED$3,ED85+$Y86,if($C86=ED$3,ED85+$AD86,ED85)) -> #N/A | EE86: =sum(iferror(AI86:BH86,0))/count(AI86:BH86) -> 1663.1355
H87: =if(countblank(B87:E87)<4,TRUE,FALSE) -> FALSE | I87: =if(iferror(match(B87,'Osallistujat ja seuranta'!C:C,0),0)>0,TRUE,FALSE) -> FALSE | J87: =if(iferror(match(C87,'Osallistujat ja seuranta'!C:C,0),0)>0,TRUE,FALSE) -> FALSE | K87: =not(B87=C87) -> FALSE | L87: =or(E87=B87,E87=C87) -> TRUE | M87: =countblank(B87:E87)=0 -> FALSE | N87: =if(and(I87:M87),1,if(H87,0,"")) | O87: =if(N87=1,index(86:86,1,match(B87,$3:$3,0)),"") | P87: =if(N87=1,index(86:86,1,match(C87,$3:$3,0)),"") | Q87: =if(N87=1,O87-(P87+D87*100-if(D87>0,50,0))*N87,"") | R87: =if(N87=1,P87+D87*100-if(D87>0,50,0),"") | S87: =if(E87=B87,1,0) -> 1 | T87: =-7*ln(3300-O87) -> -56.711744 | U87: =-7*ln(3300-R87) -> -56.711744 | V87: =if(N87=1,1/(1+exp(U87-T87)),"") | W87: =power((3300-O87)/200,1.6) -> 88.710354 | X87: =ln(1+exp((2300-O87)/80))/5 -> 5.75 | Y87: =if(N87=1,(W87*(S87-V87))*'Säännöt ja ohjeet'!$B$54+X87,"") | Z87: =-(S87-1) -> 0 | AA87: =1-V87 -> 1 | AB87: =power((3300-P87)/200,1.6) -> 88.710354 | AC87: =ln(1+exp((2300-P87)/80))/5 -> 5.75 | AD87: =if(N87=1,(AB87*(Z87-AA87))*'Säännöt ja ohjeet'!$B$54+AC87,"") | AE87: =10*if($E87=B87,1,-1)+min(10,rounddown((P87-O87)/50,0)-2*$D87*sign(P87-O87))+1 -> 11 | AF87: =10*if($E87=C87,1,-1)+min(10,rounddown((O87-P87)/50,0)-2*$D87*sign(O87-P87))+1 -> 11 | AI87: =if($B87=AI$3,AI86+$Y87,if($C87=AI$3,AI86+$AD87,AI86)) -> 2004.7321 | AJ87: =if($B87=AJ$3,AJ86+$Y87,if($C87=AJ$3,AJ86+$AD87,AJ86)) -> 1845.7304 | AK87: =if($B87=AK$3,AK86+$Y87,if($C87=AK$3,AK86+$AD87,AK86)) -> 2427.2202 | AL87: =if($B87=AL$3,AL86+$Y87,if($C87=AL$3,AL86+$AD87,AL86)) -> 1676.3031 | AM87: =if($B87=AM$3,AM86+$Y87,if($C87=AM$3,AM86+$AD87,AM86)) -> 1775.9264 | AN87: =if($B87=AN$3,AN86+$Y87,if($C87=AN$3,AN86+$AD87,AN86)) -> 2303.1067 | AO87: =if($B87=AO$3,AO86+$Y87,if($C87=AO$3,AO86+$AD87,AO86)) -> 2279.0216 | AP87: =if($B87=AP$3,AP86+$Y87,if($C87=AP$3,AP86+$AD87,AP86)) -> 1721.5366 | ... ED87: =if($B87=ED$3,ED86+$Y87,if($C87=ED$3,ED86+$AD87,ED86)) -> #N/A | EE87: =sum(iferror(AI87:BH87,0))/count(AI87:BH87) -> 1663.1355
H88: =if(countblank(B88:E88)<4,TRUE,FALSE) -> FALSE | I88: =if(iferror(match(B88,'Osallistujat ja seuranta'!C:C,0),0)>0,TRUE,FALSE) -> FALSE | J88: =if(iferror(match(C88,'Osallistujat ja seuranta'!C:C,0),0)>0,TRUE,FALSE) -> FALSE | K88: =not(B88=C88) -> FALSE | L88: =or(E88=B88,E88=C88) -> TRUE | M88: =countblank(B88:E88)=0 -> FALSE | N88: =if(and(I88:M88),1,if(H88,0,"")) | O88: =if(N88=1,index(87:87,1,match(B88,$3:$3,0)),"") | P88: =if(N88=1,index(87:87,1,match(C88,$3:$3,0)),"") | Q88: =if(N88=1,O88-(P88+D88*100-if(D88>0,50,0))*N88,"") | R88: =if(N88=1,P88+D88*100-if(D88>0,50,0),"") | S88: =if(E88=B88,1,0) -> 1 | T88: =-7*ln(3300-O88) -> -56.711744 | U88: =-7*ln(3300-R88) -> -56.711744 | V88: =if(N88=1,1/(1+exp(U88-T88)),"") | W88: =power((3300-O88)/200,1.6) -> 88.710354 | X88: =ln(1+exp((2300-O88)/80))/5 -> 5.75 | Y88: =if(N88=1,(W88*(S88-V88))*'Säännöt ja ohjeet'!$B$54+X88,"") | Z88: =-(S88-1) -> 0 | AA88: =1-V88 -> 1 | AB88: =power((3300-P88)/200,1.6) -> 88.710354 | AC88: =ln(1+exp((2300-P88)/80))/5 -> 5.75 | AD88: =if(N88=1,(AB88*(Z88-AA88))*'Säännöt ja ohjeet'!$B$54+AC88,"") | AE88: =10*if($E88=B88,1,-1)+min(10,rounddown((P88-O88)/50,0)-2*$D88*sign(P88-O88))+1 -> 11 | AF88: =10*if($E88=C88,1,-1)+min(10,rounddown((O88-P88)/50,0)-2*$D88*sign(O88-P88))+1 -> 11 | AI88: =if($B88=AI$3,AI87+$Y88,if($C88=AI$3,AI87+$AD88,AI87)) -> 2004.7321 | AJ88: =if($B88=AJ$3,AJ87+$Y88,if($C88=AJ$3,AJ87+$AD88,AJ87)) -> 1845.7304 | AK88: =if($B88=AK$3,AK87+$Y88,if($C88=AK$3,AK87+$AD88,AK87)) -> 2427.2202 | AL88: =if($B88=AL$3,AL87+$Y88,if($C88=AL$3,AL87+$AD88,AL87)) -> 1676.3031 | AM88: =if($B88=AM$3,AM87+$Y88,if($C88=AM$3,AM87+$AD88,AM87)) -> 1775.9264 | AN88: =if($B88=AN$3,AN87+$Y88,if($C88=AN$3,AN87+$AD88,AN87)) -> 2303.1067 | AO88: =if($B88=AO$3,AO87+$Y88,if($C88=AO$3,AO87+$AD88,AO87)) -> 2279.0216 | AP88: =if($B88=AP$3,AP87+$Y88,if($C88=AP$3,AP87+$AD88,AP87)) -> 1721.5366 | ... ED88: =if($B88=ED$3,ED87+$Y88,if($C88=ED$3,ED87+$AD88,ED87)) -> #N/A | EE88: =sum(iferror(AI88:BH88,0))/count(AI88:BH88) -> 1663.1355
H89: =if(countblank(B89:E89)<4,TRUE,FALSE) -> FALSE | I89: =if(iferror(match(B89,'Osallistujat ja seuranta'!C:C,0),0)>0,TRUE,FALSE) -> FALSE | J89: =if(iferror(match(C89,'Osallistujat ja seuranta'!C:C,0),0)>0,TRUE,FALSE) -> FALSE | K89: =not(B89=C89) -> FALSE | L89: =or(E89=B89,E89=C89) -> TRUE | M89: =countblank(B89:E89)=0 -> FALSE | N89: =if(and(I89:M89),1,if(H89,0,"")) | O89: =if(N89=1,index(88:88,1,match(B89,$3:$3,0)),"") | P89: =if(N89=1,index(88:88,1,match(C89,$3:$3,0)),"") | Q89: =if(N89=1,O89-(P89+D89*100-if(D89>0,50,0))*N89,"") | R89: =if(N89=1,P89+D89*100-if(D89>0,50,0),"") | S89: =if(E89=B89,1,0) -> 1 | T89: =-7*ln(3300-O89) -> -56.711744 | U89: =-7*ln(3300-R89) -> -56.711744 | V89: =if(N89=1,1/(1+exp(U89-T89)),"") | W89: =power((3300-O89)/200,1.6) -> 88.710354 | X89: =ln(1+exp((2300-O89)/80))/5 -> 5.75 | Y89: =if(N89=1,(W89*(S89-V89))*'Säännöt ja ohjeet'!$B$54+X89,"") | Z89: =-(S89-1) -> 0 | AA89: =1-V89 -> 1 | AB89: =power((3300-P89)/200,1.6) -> 88.710354 | AC89: =ln(1+exp((2300-P89)/80))/5 -> 5.75 | AD89: =if(N89=1,(AB89*(Z89-AA89))*'Säännöt ja ohjeet'!$B$54+AC89,"") | AE89: =10*if($E89=B89,1,-1)+min(10,rounddown((P89-O89)/50,0)-2*$D89*sign(P89-O89))+1 -> 11 | AF89: =10*if($E89=C89,1,-1)+min(10,rounddown((O89-P89)/50,0)-2*$D89*sign(O89-P89))+1 -> 11 | AI89: =if($B89=AI$3,AI88+$Y89,if($C89=AI$3,AI88+$AD89,AI88)) -> 2004.7321 | AJ89: =if($B89=AJ$3,AJ88+$Y89,if($C89=AJ$3,AJ88+$AD89,AJ88)) -> 1845.7304 | AK89: =if($B89=AK$3,AK88+$Y89,if($C89=AK$3,AK88+$AD89,AK88)) -> 2427.2202 | AL89: =if($B89=AL$3,AL88+$Y89,if($C89=AL$3,AL88+$AD89,AL88)) -> 1676.3031 | AM89: =if($B89=AM$3,AM88+$Y89,if($C89=AM$3,AM88+$AD89,AM88)) -> 1775.9264 | AN89: =if($B89=AN$3,AN88+$Y89,if($C89=AN$3,AN88+$AD89,AN88)) -> 2303.1067 | AO89: =if($B89=AO$3,AO88+$Y89,if($C89=AO$3,AO88+$AD89,AO88)) -> 2279.0216 | AP89: =if($B89=AP$3,AP88+$Y89,if($C89=AP$3,AP88+$AD89,AP88)) -> 1721.5366 | ... ED89: =if($B89=ED$3,ED88+$Y89,if($C89=ED$3,ED88+$AD89,ED88)) -> #N/A | EE89: =sum(iferror(AI89:BH89,0))/count(AI89:BH89) -> 1663.1355
H90: =if(countblank(B90:E90)<4,TRUE,FALSE) -> FALSE | I90: =if(iferror(match(B90,'Osallistujat ja seuranta'!C:C,0),0)>0,TRUE,FALSE) -> FALSE | J90: =if(iferror(match(C90,'Osallistujat ja seuranta'!C:C,0),0)>0,TRUE,FALSE) -> FALSE | K90: =not(B90=C90) -> FALSE | L90: =or(E90=B90,E90=C90) -> TRUE | M90: =countblank(B90:E90)=0 -> FALSE | N90: =if(and(I90:M90),1,if(H90,0,"")) | O90: =if(N90=1,index(89:89,1,match(B90,$3:$3,0)),"") | P90: =if(N90=1,index(89:89,1,match(C90,$3:$3,0)),"") | Q90: =if(N90=1,O90-(P90+D90*100-if(D90>0,50,0))*N90,"") | R90: =if(N90=1,P90+D90*100-if(D90>0,50,0),"") | S90: =if(E90=B90,1,0) -> 1 | T90: =-7*ln(3300-O90) -> -56.711744 | U90: =-7*ln(3300-R90) -> -56.711744 | V90: =if(N90=1,1/(1+exp(U90-T90)),"") | W90: =power((3300-O90)/200,1.6) -> 88.710354 | X90: =ln(1+exp((2300-O90)/80))/5 -> 5.75 | Y90: =if(N90=1,(W90*(S90-V90))*'Säännöt ja ohjeet'!$B$54+X90,"") | Z90: =-(S90-1) -> 0 | AA90: =1-V90 -> 1 | AB90: =power((3300-P90)/200,1.6) -> 88.710354 | AC90: =ln(1+exp((2300-P90)/80))/5 -> 5.75 | AD90: =if(N90=1,(AB90*(Z90-AA90))*'Säännöt ja ohjeet'!$B$54+AC90,"") | AE90: =10*if($E90=B90,1,-1)+min(10,rounddown((P90-O90)/50,0)-2*$D90*sign(P90-O90))+1 -> 11 | AF90: =10*if($E90=C90,1,-1)+min(10,rounddown((O90-P90)/50,0)-2*$D90*sign(O90-P90))+1 -> 11 | AI90: =if($B90=AI$3,AI89+$Y90,if($C90=AI$3,AI89+$AD90,AI89)) -> 2004.7321 | AJ90: =if($B90=AJ$3,AJ89+$Y90,if($C90=AJ$3,AJ89+$AD90,AJ89)) -> 1845.7304 | AK90: =if($B90=AK$3,AK89+$Y90,if($C90=AK$3,AK89+$AD90,AK89)) -> 2427.2202 | AL90: =if($B90=AL$3,AL89+$Y90,if($C90=AL$3,AL89+$AD90,AL89)) -> 1676.3031 | AM90: =if($B90=AM$3,AM89+$Y90,if($C90=AM$3,AM89+$AD90,AM89)) -> 1775.9264 | AN90: =if($B90=AN$3,AN89+$Y90,if($C90=AN$3,AN89+$AD90,AN89)) -> 2303.1067 | AO90: =if($B90=AO$3,AO89+$Y90,if($C90=AO$3,AO89+$AD90,AO89)) -> 2279.0216 | AP90: =if($B90=AP$3,AP89+$Y90,if($C90=AP$3,AP89+$AD90,AP89)) -> 1721.5366 | ... ED90: =if($B90=ED$3,ED89+$Y90,if($C90=ED$3,ED89+$AD90,ED89)) -> #N/A | EE90: =sum(iferror(AI90:BH90,0))/count(AI90:BH90) -> 1663.1355
H91: =if(countblank(B91:E91)<4,TRUE,FALSE) -> FALSE | I91: =if(iferror(match(B91,'Osallistujat ja seuranta'!C:C,0),0)>0,TRUE,FALSE) -> FALSE | J91: =if(iferror(match(C91,'Osallistujat ja seuranta'!C:C,0),0)>0,TRUE,FALSE) -> FALSE | K91: =not(B91=C91) -> FALSE | L91: =or(E91=B91,E91=C91) -> TRUE | M91: =countblank(B91:E91)=0 -> FALSE | N91: =if(and(I91:M91),1,if(H91,0,"")) | O91: =if(N91=1,index(90:90,1,match(B91,$3:$3,0)),"") | P91: =if(N91=1,index(90:90,1,match(C91,$3:$3,0)),"") | Q91: =if(N91=1,O91-(P91+D91*100-if(D91>0,50,0))*N91,"") | R91: =if(N91=1,P91+D91*100-if(D91>0,50,0),"") | S91: =if(E91=B91,1,0) -> 1 | T91: =-7*ln(3300-O91) -> -56.711744 | U91: =-7*ln(3300-R91) -> -56.711744 | V91: =if(N91=1,1/(1+exp(U91-T91)),"") | W91: =power((3300-O91)/200,1.6) -> 88.710354 | X91: =ln(1+exp((2300-O91)/80))/5 -> 5.75 | Y91: =if(N91=1,(W91*(S91-V91))*'Säännöt ja ohjeet'!$B$54+X91,"") | Z91: =-(S91-1) -> 0 | AA91: =1-V91 -> 1 | AB91: =power((3300-P91)/200,1.6) -> 88.710354 | AC91: =ln(1+exp((2300-P91)/80))/5 -> 5.75 | AD91: =if(N91=1,(AB91*(Z91-AA91))*'Säännöt ja ohjeet'!$B$54+AC91,"") | AE91: =10*if($E91=B91,1,-1)+min(10,rounddown((P91-O91)/50,0)-2*$D91*sign(P91-O91))+1 -> 11 | AF91: =10*if($E91=C91,1,-1)+min(10,rounddown((O91-P91)/50,0)-2*$D91*sign(O91-P91))+1 -> 11 | AI91: =if($B91=AI$3,AI90+$Y91,if($C91=AI$3,AI90+$AD91,AI90)) -> 2004.7321 | AJ91: =if($B91=AJ$3,AJ90+$Y91,if($C91=AJ$3,AJ90+$AD91,AJ90)) -> 1845.7304 | AK91: =if($B91=AK$3,AK90+$Y91,if($C91=AK$3,AK90+$AD91,AK90)) -> 2427.2202 | AL91: =if($B91=AL$3,AL90+$Y91,if($C91=AL$3,AL90+$AD91,AL90)) -> 1676.3031 | AM91: =if($B91=AM$3,AM90+$Y91,if($C91=AM$3,AM90+$AD91,AM90)) -> 1775.9264 | AN91: =if($B91=AN$3,AN90+$Y91,if($C91=AN$3,AN90+$AD91,AN90)) -> 2303.1067 | AO91: =if($B91=AO$3,AO90+$Y91,if($C91=AO$3,AO90+$AD91,AO90)) -> 2279.0216 | AP91: =if($B91=AP$3,AP90+$Y91,if($C91=AP$3,AP90+$AD91,AP90)) -> 1721.5366 | ... ED91: =if($B91=ED$3,ED90+$Y91,if($C91=ED$3,ED90+$AD91,ED90)) -> #N/A | EE91: =sum(iferror(AI91:BH91,0))/count(AI91:BH91) -> 1663.1355
